"","id","permit_holder_id","timestamp","old_licence_plate_hash","ObjectId","change_year_month"
"1",4200,47673,2020-11-04 08:17:10,"0xCC1A6E81B774F5A1A03B5553CE26DF12FBD8E450B8457F1008C27A5A103B5180",1,"2020-11"
"2",4208,47712,2020-11-04 14:08:13,"0x0B2E8F436F8AD377EF7F0071CB457A249AA0C83C4B4FC6BCA4F6F4EAD4B7794F",2,"2020-11"
"3",4260,47917,2020-11-09 11:23:30,"0xD6C10ED8A44BC417A1788FB672EC161435AAF26B3229C98D8BD86E959EB4487D",3,"2020-11"
"4",4288,48075,2020-11-16 11:21:38,"0x04ACA5BC29ACCE0750B5C4E9790B7019E7F8A276A13FE007B15A86053E3A32F4",4,"2020-11"
"5",4289,48075,2020-11-16 11:21:52,"0x04ACA5BC29ACCE0750B5C4E9790B7019E7F8A276A13FE007B15A86053E3A32F4",5,"2020-11"
"6",4292,48121,2020-11-17 09:33:52,"0x27FA33F0154C58639A5D45D18698AB49FF59B35CBFAD31C7134C74D0C6703B12",6,"2020-11"
"7",4293,48121,2020-11-17 09:34:06,"0x456F8DA07E4514A9204F0EE22CA4EFC1CF231D5F2C2CADF3E39D99B2F73D0303",7,"2020-11"
"8",4315,48172,2020-11-19 08:37:34,"0x64E87C73C29FC98891DCE4D471C4FBAE1CA84478037133EF64CB0DA906478358",8,"2020-11"
"9",4390,48337,2020-11-23 10:23:20,"0x885C9CDD02EE26879EBD64198761FD4CCE564BC8873A8C43588CB6C7CA924E9C",9,"2020-11"
"10",4391,48337,2020-11-23 10:23:26,"0x885C9CDD02EE26879EBD64198761FD4CCE564BC8873A8C43588CB6C7CA924E9C",10,"2020-11"
"11",4392,48337,2020-11-23 10:27:10,"0x6EBA45BBC1B1C2DB1CD2C356EE952CEC64BCE955E0C6D0263C7A7F89E84C062D",11,"2020-11"
"12",4394,48337,2020-11-23 10:30:44,"0x885C9CDD02EE26879EBD64198761FD4CCE564BC8873A8C43588CB6C7CA924E9C",12,"2020-11"
"13",4409,48139,2020-11-24 07:46:32,"0xAF7170A09787299BDC6A531387FD25E1607A8B1B1E296D5C473CEB97BF381EE5",13,"2020-11"
"14",4411,47402,2020-11-24 08:08:57,"0x999CF370C3A824F445A124728A556D18B3F64D632BC5E0EA8BE4B24D5509CC27",14,"2020-11"
"15",4449,48424,2020-11-25 15:36:46,"0xA90BA60C2F5E5CCEF2A8914D646CF45F202368F49A2EC3634E66195C0D31B30A",15,"2020-11"
"16",4458,47806,2020-11-26 07:21:23,"0xA8DB42C8271D177C9FAB244C5428D2AEFF5338357C8A3F1061263BEBFC804107",16,"2020-11"
"17",4459,47806,2020-11-26 07:23:50,"0xA8DB42C8271D177C9FAB244C5428D2AEFF5338357C8A3F1061263BEBFC804107",17,"2020-11"
"18",4460,47806,2020-11-26 07:24:12,"0xA8DB42C8271D177C9FAB244C5428D2AEFF5338357C8A3F1061263BEBFC804107",18,"2020-11"
"19",4477,48464,2020-11-26 10:23:58,"0xFAF0C13EA8BE68C4A9E08B5517EB0CBCDC5C787DEC46EC1FAD21D182F9F7540F",19,"2020-11"
"20",4486,47402,2020-11-27 09:19:29,"0x394670DE097B81EB0A02032C2B721DB8D9892D8168E2459DFDE877DF8454BCCA",20,"2020-11"
"21",4493,48571,2020-11-28 08:14:24,"0x142C9921F773080676B36E9B96942B613DF280B7BEA766FA2C89589AECAFD9A7",21,"2020-11"
"22",4496,48550,2020-11-28 17:45:44,"0xE4CE9AAEB7FF3C387C31ECA7569B9B88A3D7F029707E3D3BE1DE68C1E4A92D84",22,"2020-11"
"23",4511,48700,2020-11-30 09:38:32,"0x215685D41C29601FD7733B7DF7BDB05C7BBB0D7C08F5A2644783707A0EE32F91",23,"2020-11"
"24",4512,48701,2020-11-30 09:38:37,"0x215685D41C29601FD7733B7DF7BDB05C7BBB0D7C08F5A2644783707A0EE32F91",24,"2020-11"
"25",4513,48702,2020-11-30 09:38:41,"0x215685D41C29601FD7733B7DF7BDB05C7BBB0D7C08F5A2644783707A0EE32F91",25,"2020-11"
"26",4524,48418,2020-11-30 12:24:23,"0x7C9A2D0DE35BFAAD800A483DDA7C34C7F08505980F53904F75CC52DE8074444B",26,"2020-11"
"27",4549,48418,2020-12-01 08:04:46,"0x9E9D2FFA81A8C9671AEBBE7E6E3001371834AC3AEE90835A431FA85B70F0DBB3",27,"2020-12"
"28",4552,50054,2020-12-01 08:37:07,"0x39AD2F147B88CCD43425A4D2C194D3C3C505144D296C0A0FE0922E8EDFDFEBA0",28,"2020-12"
"29",4554,50060,2020-12-01 08:52:27,"0xF758D0BE00B35507660DD560C43DE640A1F1018921D899E1032A9E4C8906E41D",29,"2020-12"
"30",4555,50066,2020-12-01 09:03:49,"0x61C3C78EC3335B6B9C6A328688EAF1D4A97EBEFE1578C902F65B0C6581371706",30,"2020-12"
"31",4556,47603,2020-12-01 09:05:05,"0xE0513BC036CC5BD3DEB98F28FCD8DFC3D52FFD47E27BBC9C9AE6C1F45A2CC290",31,"2020-12"
"32",4570,47603,2020-12-01 17:38:55,"0x762195EF3CFB5E632DBA356B564DBBE15A4A4CF1640A40B96BF5C30BD3BFA828",32,"2020-12"
"33",4579,48121,2020-12-02 08:00:03,"0x456F8DA07E4514A9204F0EE22CA4EFC1CF231D5F2C2CADF3E39D99B2F73D0303",33,"2020-12"
"34",4592,49990,2020-12-02 10:31:35,"0x5E82E15713B40B0ED9BEDCCADD1F308038E2181FEFE1338B2EFFD4DE7DA295EE",34,"2020-12"
"35",4622,48785,2020-12-03 07:13:53,"0x91C3606B61CCD968A32174568929865A72936BC70333FD863DF6ED17ED4CB3AB",35,"2020-12"
"36",4624,49912,2020-12-03 07:25:20,"0xA90BA60C2F5E5CCEF2A8914D646CF45F202368F49A2EC3634E66195C0D31B30A",36,"2020-12"
"37",4625,49912,2020-12-03 07:25:38,"0xA90BA60C2F5E5CCEF2A8914D646CF45F202368F49A2EC3634E66195C0D31B30A",37,"2020-12"
"38",4626,49912,2020-12-03 07:26:22,"0xA90BA60C2F5E5CCEF2A8914D646CF45F202368F49A2EC3634E66195C0D31B30A",38,"2020-12"
"39",4627,49912,2020-12-03 07:26:28,"0xA90BA60C2F5E5CCEF2A8914D646CF45F202368F49A2EC3634E66195C0D31B30A",39,"2020-12"
"40",4628,49912,2020-12-03 07:29:57,"0xA90BA60C2F5E5CCEF2A8914D646CF45F202368F49A2EC3634E66195C0D31B30A",40,"2020-12"
"41",4631,48121,2020-12-03 07:58:22,"0x27FA33F0154C58639A5D45D18698AB49FF59B35CBFAD31C7134C74D0C6703B12",41,"2020-12"
"42",4632,47665,2020-12-03 08:18:09,"0xADC925F6CD479BC644B7F4C77B763B1992972677520F2B3044CE3437D8A383F5",42,"2020-12"
"43",4636,48124,2020-12-03 09:28:52,"0x8BDB884F8302EFC9B4792E98071EEC7BE79C1EDA4756C2D5D34CEB24EB1596C9",43,"2020-12"
"44",4648,48124,2020-12-03 14:41:35,"0x369480DE9F1DA96C1A3E361357A3738181916C9E2285B08D73BA612370BB25FF",44,"2020-12"
"45",4651,48735,2020-12-03 16:05:25,"0x8E499AC23BCB2C32F6DC10398DFBA55A839BDB69455CB28427E280A889A19CCA",45,"2020-12"
"46",4655,49896,2020-12-04 07:11:17,"0x6EBA45BBC1B1C2DB1CD2C356EE952CEC64BCE955E0C6D0263C7A7F89E84C062D",46,"2020-12"
"47",4656,48047,2020-12-04 08:21:16,"0xB041D6D948C8AF8421E5B6B43D42AC763C1BFFD4375D541D0BE642607544103B",47,"2020-12"
"48",4663,50111,2020-12-04 12:32:51,"0x27D64307A9BBCDCC286DFE2938B1A138B5A2308EA77A0AFDF85B84DF8E1FD36D",48,"2020-12"
"49",4664,48735,2020-12-04 13:02:21,"0x8E3DDEBF50AC493761797B05C220F6A96F6A61C751E38798F6C4D2A0552EF77A",49,"2020-12"
"50",4669,49942,2020-12-04 14:29:43,"0xFAF0C13EA8BE68C4A9E08B5517EB0CBCDC5C787DEC46EC1FAD21D182F9F7540F",50,"2020-12"
"51",4926,49929,2020-12-15 13:22:46,"0x6AA7FF61C2422A23656F6612BBBEE85A137824A7306AA0BF4A1AE3CE33CC4423",51,"2020-12"
"52",4927,49929,2020-12-15 13:22:52,"0x6AA7FF61C2422A23656F6612BBBEE85A137824A7306AA0BF4A1AE3CE33CC4423",52,"2020-12"
"53",4928,49929,2020-12-15 13:23:09,"0xFA14589E804D9E1EB8FA78CF89457C0DCB0B04158E3BD9159151D35B37C0876C",53,"2020-12"
"54",4939,48735,2020-12-15 15:56:32,"0x8E3DDEBF50AC493761797B05C220F6A96F6A61C751E38798F6C4D2A0552EF77A",54,"2020-12"
"55",4950,49896,2020-12-16 07:51:20,"0x885C9CDD02EE26879EBD64198761FD4CCE564BC8873A8C43588CB6C7CA924E9C",55,"2020-12"
"56",4953,48124,2020-12-16 08:42:07,"0x8BDB884F8302EFC9B4792E98071EEC7BE79C1EDA4756C2D5D34CEB24EB1596C9",56,"2020-12"
"57",4973,48124,2020-12-16 16:41:59,"0xBE52F8FA975E31055780B5CDD1CF193E3D465E46CDCCF01CD84356979D0F16E2",57,"2020-12"
"58",4980,49837,2020-12-17 07:26:42,"0x884C64EC0AC7EAF78F1599B1515554A4FBF14BCE77F003AEA70806420043F6CB",58,"2020-12"
"59",4985,48735,2020-12-17 08:54:26,"0x8E499AC23BCB2C32F6DC10398DFBA55A839BDB69455CB28427E280A889A19CCA",59,"2020-12"
"60",4993,48590,2020-12-17 10:29:24,"0x0CFCE67410DE9075A991DB95C85C3318B39B4437F8E476E972426F992ECC0632",60,"2020-12"
"61",4999,48735,2020-12-17 13:24:43,"0x2171C7C91790188679D779230AE8AFB9046CD9798DF79493488AB6F6D7EAE919",61,"2020-12"
"62",5011,48121,2020-12-18 07:09:59,"0x27FA33F0154C58639A5D45D18698AB49FF59B35CBFAD31C7134C74D0C6703B12",62,"2020-12"
"63",5013,49896,2020-12-18 07:58:25,"0x6EBA45BBC1B1C2DB1CD2C356EE952CEC64BCE955E0C6D0263C7A7F89E84C062D",63,"2020-12"
"64",5021,48590,2020-12-18 11:21:27,"0x0369DFA3CE06420C3D4BFAA016D8BAFB099B76134F4F5FE518C8E7243427CEB9",64,"2020-12"
"65",5038,49896,2020-12-21 08:20:47,"0x885C9CDD02EE26879EBD64198761FD4CCE564BC8873A8C43588CB6C7CA924E9C",65,"2020-12"
"66",5041,48735,2020-12-21 08:46:17,"0x8E499AC23BCB2C32F6DC10398DFBA55A839BDB69455CB28427E280A889A19CCA",66,"2020-12"
"67",5061,48121,2020-12-22 07:30:41,"0x456F8DA07E4514A9204F0EE22CA4EFC1CF231D5F2C2CADF3E39D99B2F73D0303",67,"2020-12"
"68",5063,49896,2020-12-22 08:21:09,"0x6EBA45BBC1B1C2DB1CD2C356EE952CEC64BCE955E0C6D0263C7A7F89E84C062D",68,"2020-12"
"69",5067,48590,2020-12-22 09:57:01,"0xC9C9D90EDDFA12D28EB44686A5D43609F86B839EA716477D7717B039E49DAC52",69,"2020-12"
"70",5074,48735,2020-12-22 17:38:01,"0x2171C7C91790188679D779230AE8AFB9046CD9798DF79493488AB6F6D7EAE919",70,"2020-12"
"71",5095,48989,2020-12-23 14:04:33,"0xE03A7A3CCAE1D7D3EC3D28921B638F9E43316813F285290B983C920AD44B688A",71,"2020-12"
"72",5096,48989,2020-12-23 14:04:38,"0x3E238E63A3BA25A07440170441E9AF11737C578E92D4F679DFE92F2303F3FD1D",72,"2020-12"
"73",5133,48121,2020-12-30 09:10:09,"0x27FA33F0154C58639A5D45D18698AB49FF59B35CBFAD31C7134C74D0C6703B12",73,"2020-12"
"74",5146,48121,2020-12-31 09:02:17,"0x456F8DA07E4514A9204F0EE22CA4EFC1CF231D5F2C2CADF3E39D99B2F73D0303",74,"2020-12"
"75",5162,50723,2021-01-01 20:36:14,"0xE03A7A3CCAE1D7D3EC3D28921B638F9E43316813F285290B983C920AD44B688A",75,"2021-01"
"76",5166,52040,2021-01-02 09:20:59,"0x1E58EE06491FF93198BDF28904128334DFEA5F7D3DF2FACA603D77FF4FD16A64",76,"2021-01"
"77",5168,48989,2021-01-02 11:57:44,"0x3E238E63A3BA25A07440170441E9AF11737C578E92D4F679DFE92F2303F3FD1D",77,"2021-01"
"78",5172,50723,2021-01-03 09:56:56,"0x3E238E63A3BA25A07440170441E9AF11737C578E92D4F679DFE92F2303F3FD1D",78,"2021-01"
"79",5183,48121,2021-01-04 07:20:58,"0x27FA33F0154C58639A5D45D18698AB49FF59B35CBFAD31C7134C74D0C6703B12",79,"2021-01"
"80",5184,48121,2021-01-04 07:21:03,"0x456F8DA07E4514A9204F0EE22CA4EFC1CF231D5F2C2CADF3E39D99B2F73D0303",80,"2021-01"
"81",5220,51772,2021-01-04 16:04:35,"0xA8DB42C8271D177C9FAB244C5428D2AEFF5338357C8A3F1061263BEBFC804107",81,"2021-01"
"82",5233,51772,2021-01-04 22:13:04,"0xA8DB42C8271D177C9FAB244C5428D2AEFF5338357C8A3F1061263BEBFC804107",82,"2021-01"
"83",5260,50723,2021-01-05 19:26:31,"0xE03A7A3CCAE1D7D3EC3D28921B638F9E43316813F285290B983C920AD44B688A",83,"2021-01"
"84",5266,51882,2021-01-06 08:10:35,"0x885C9CDD02EE26879EBD64198761FD4CCE564BC8873A8C43588CB6C7CA924E9C",84,"2021-01"
"85",5282,50723,2021-01-06 14:50:53,"0x3E238E63A3BA25A07440170441E9AF11737C578E92D4F679DFE92F2303F3FD1D",85,"2021-01"
"86",5296,50831,2021-01-07 08:45:45,"0x8E499AC23BCB2C32F6DC10398DFBA55A839BDB69455CB28427E280A889A19CCA",86,"2021-01"
"87",5325,50734,2021-01-07 14:04:52,"0x0369DFA3CE06420C3D4BFAA016D8BAFB099B76134F4F5FE518C8E7243427CEB9",87,"2021-01"
"88",5328,50831,2021-01-07 16:38:11,"0x2171C7C91790188679D779230AE8AFB9046CD9798DF79493488AB6F6D7EAE919",88,"2021-01"
"89",5335,51882,2021-01-08 08:47:35,"0x6EBA45BBC1B1C2DB1CD2C356EE952CEC64BCE955E0C6D0263C7A7F89E84C062D",89,"2021-01"
"90",5346,50723,2021-01-08 13:34:27,"0xE03A7A3CCAE1D7D3EC3D28921B638F9E43316813F285290B983C920AD44B688A",90,"2021-01"
"91",5357,50723,2021-01-09 11:05:01,"0x3E238E63A3BA25A07440170441E9AF11737C578E92D4F679DFE92F2303F3FD1D",91,"2021-01"
"92",5361,48172,2021-01-10 19:58:32,"0x3D8617A496C27B389A3688D248E9AA5296180C6D63106CDB169D3C593CD2E9B0",92,"2021-01"
"93",5377,47679,2021-01-11 09:20:56,"0x67C64E42E5534BC67B0F0E66A96487D5A1893CB83D7D3EB543723C6CFDA26186",93,"2021-01"
"94",5389,50734,2021-01-11 11:20:07,"0x515C3E47C0FC7AC38D7C52200CCB0C6968FD4B6ACE2BE6E7AF329896E1B1B38C",94,"2021-01"
"95",5393,48124,2021-01-11 14:15:07,"0x8BDB884F8302EFC9B4792E98071EEC7BE79C1EDA4756C2D5D34CEB24EB1596C9",95,"2021-01"
"96",5397,50831,2021-01-11 19:43:53,"0x8E499AC23BCB2C32F6DC10398DFBA55A839BDB69455CB28427E280A889A19CCA",96,"2021-01"
"97",5404,48172,2021-01-12 07:12:10,"0x64E87C73C29FC98891DCE4D471C4FBAE1CA84478037133EF64CB0DA906478358",97,"2021-01"
"98",5408,51791,2021-01-12 07:53:53,"0xD272DCA34BBB09D44EDAE66670F04F78A8B4F3068F8281505DDC6AF89D36A1FE",98,"2021-01"
"99",5430,51772,2021-01-13 05:08:20,"0x7FE324C7E7A28C434C633D67DDF0D4FF1AD0753E86B8B92282194607E9EF8EED",99,"2021-01"
"100",5432,51961,2021-01-13 05:42:12,"0x90E9472CA96117ECC10139B13CC2A978A6BB80B9D44EC2044490541A733DB184",100,"2021-01"
"101",7195,57757,2021-03-18 15:52:12,"0xE60705F3591F3103EFB6E7FEFD64EA6F323E3D0AD3C632D12121156D929CFF02",101,"2021-03"
"102",7198,57740,2021-03-18 18:21:25,"0xCB023EB2EF07DAAF4E3616A79239627F7AE55AC443FF3DA9FD16411F36434998",102,"2021-03"
"103",7203,48711,2021-03-19 07:49:51,"0x1FBCC4B1AA0F36AB9EDD68136F905C3E01D01235FAA7CE70EACB89E9243BA890",103,"2021-03"
"104",7205,48172,2021-03-19 08:42:29,"0x64E87C73C29FC98891DCE4D471C4FBAE1CA84478037133EF64CB0DA906478358",104,"2021-03"
"105",7206,48047,2021-03-19 09:40:01,"0x634B4678EE09397DDF9FF0D28F4178279D232B137C2725A9A61DB41B65104E76",105,"2021-03"
"106",7214,57615,2021-03-19 11:57:51,"0xD9E50895F2BDBE8D63ADBB65D1FB3CA19F03DF78059563D3D054B266CB1D40DB",106,"2021-03"
"107",7218,48124,2021-03-19 13:57:36,"0x369480DE9F1DA96C1A3E361357A3738181916C9E2285B08D73BA612370BB25FF",107,"2021-03"
"108",7220,56827,2021-03-19 14:17:13,"0x3CBFA891F83B6084D99EF8999E26823C5710C34F32305A1B4217B929D679A37F",108,"2021-03"
"109",7221,56827,2021-03-19 14:17:28,"0x3CBFA891F83B6084D99EF8999E26823C5710C34F32305A1B4217B929D679A37F",109,"2021-03"
"110",7228,56730,2021-03-20 18:05:16,"0xE03A7A3CCAE1D7D3EC3D28921B638F9E43316813F285290B983C920AD44B688A",110,"2021-03"
"111",7230,56730,2021-03-21 20:43:08,"0x3E238E63A3BA25A07440170441E9AF11737C578E92D4F679DFE92F2303F3FD1D",111,"2021-03"
"112",7231,48072,2021-03-21 21:14:11,"0xB1C0708EB86ED499B9CF8DE927825E5AECAE6A26496B20F364AFD94FEFA7DA9E",112,"2021-03"
"113",7235,48516,2021-03-22 07:47:15,"0x75D52C813C746CA07795D6421F6190438D2C24D605776D3CFF211190E155D144",113,"2021-03"
"114",7236,48047,2021-03-22 07:54:27,"0xB041D6D948C8AF8421E5B6B43D42AC763C1BFFD4375D541D0BE642607544103B",114,"2021-03"
"115",7246,48077,2021-03-22 09:26:01,"0x905AE7B5A9F05CB49AA9F81AA2601354F7D44F3641A8DCF980767E9ACB61F633",115,"2021-03"
"116",7253,56827,2021-03-22 10:59:22,"0x8E499AC23BCB2C32F6DC10398DFBA55A839BDB69455CB28427E280A889A19CCA",116,"2021-03"
"117",7260,56828,2021-03-22 17:40:36,"0xD23C2DD08DFA23014337E991ACF60149170D0556352EA1E4299060DB36833DF5",117,"2021-03"
"118",7269,57701,2021-03-23 08:21:50,"0x6EBA45BBC1B1C2DB1CD2C356EE952CEC64BCE955E0C6D0263C7A7F89E84C062D",118,"2021-03"
"119",7302,48121,2021-03-24 07:05:16,"0x27FA33F0154C58639A5D45D18698AB49FF59B35CBFAD31C7134C74D0C6703B12",119,"2021-03"
"120",7315,57774,2021-03-24 08:12:50,"0x90E9472CA96117ECC10139B13CC2A978A6BB80B9D44EC2044490541A733DB184",120,"2021-03"
"121",7317,57701,2021-03-24 08:14:05,"0x885C9CDD02EE26879EBD64198761FD4CCE564BC8873A8C43588CB6C7CA924E9C",121,"2021-03"
"122",7336,48124,2021-03-24 09:16:04,"0x8BDB884F8302EFC9B4792E98071EEC7BE79C1EDA4756C2D5D34CEB24EB1596C9",122,"2021-03"
"123",7360,58787,2021-03-24 13:27:37,"0xB4A30604610ABEAEDB549B196F5D6A2630F5B19B1180EA80FDAA948DD91C3AE7",123,"2021-03"
"124",7370,56828,2021-03-24 19:47:57,"0x9F8B812D65005453765B940CDF07BBB93225EF191BB744A043E05001BA8B0160",124,"2021-03"
"125",7374,48121,2021-03-25 06:54:24,"0x456F8DA07E4514A9204F0EE22CA4EFC1CF231D5F2C2CADF3E39D99B2F73D0303",125,"2021-03"
"126",7375,48121,2021-03-25 06:54:35,"0x27FA33F0154C58639A5D45D18698AB49FF59B35CBFAD31C7134C74D0C6703B12",126,"2021-03"
"127",7376,48121,2021-03-25 06:54:41,"0x456F8DA07E4514A9204F0EE22CA4EFC1CF231D5F2C2CADF3E39D99B2F73D0303",127,"2021-03"
"128",7391,57765,2021-03-25 10:39:53,"0x467AEA6EFC299799AD300AF8CB7CB1831CA07307A80C1A0140B99D3565ACE76B",128,"2021-03"
"129",7393,57774,2021-03-25 11:17:49,"0x39A44C9FB1A45A1A0DFB8316E3A707D9D41AE1AE7FBEC9326D216D3C2F879D5C",129,"2021-03"
"130",7397,47719,2021-03-25 14:22:53,"0x7DBDFF8A46947E085C6B29C147A7A065F0FC0E1C80A07D11DDAB489109B00149",130,"2021-03"
"131",7401,57701,2021-03-25 16:21:09,"0x6EBA45BBC1B1C2DB1CD2C356EE952CEC64BCE955E0C6D0263C7A7F89E84C062D",131,"2021-03"
"132",7412,57604,2021-03-26 05:33:55,"0xA8DB42C8271D177C9FAB244C5428D2AEFF5338357C8A3F1061263BEBFC804107",132,"2021-03"
"133",7417,57701,2021-03-26 08:23:13,"0x885C9CDD02EE26879EBD64198761FD4CCE564BC8873A8C43588CB6C7CA924E9C",133,"2021-03"
"134",7425,57788,2021-03-26 14:11:11,"0x142C9921F773080676B36E9B96942B613DF280B7BEA766FA2C89589AECAFD9A7",134,"2021-03"
"135",7427,48124,2021-03-26 17:42:24,"0x369480DE9F1DA96C1A3E361357A3738181916C9E2285B08D73BA612370BB25FF",135,"2021-03"
"136",7462,48711,2021-03-29 08:34:57,"0xFE13529929B0E78662CFBF6FC0416FC81910351D5E0855CD79619EAD4AED4BFE",136,"2021-03"
"137",7485,48711,2021-03-29 18:25:41,"0x1FBCC4B1AA0F36AB9EDD68136F905C3E01D01235FAA7CE70EACB89E9243BA890",137,"2021-03"
"138",7497,48121,2021-03-30 07:27:29,"0x27FA33F0154C58639A5D45D18698AB49FF59B35CBFAD31C7134C74D0C6703B12",138,"2021-03"
"139",7504,47504,2021-03-30 07:56:16,"0xF65C9DCA09B8E55C69BF590E9614C322F6C614258994B3DDFB6BF503D618F324",139,"2021-03"
"140",7509,57835,2021-03-30 08:36:35,"0x04CDC8AE2A57873E8166A46A5FBB1612122197DB5A95B5F8E8A7C3181494B0B5",140,"2021-03"
"141",7510,57835,2021-03-30 08:38:28,"0xFBBBCC1C98424816D7DD4FBB05EFFE67FE7883CECD7F63E0CD644C992B3D3EF6",141,"2021-03"
"142",7511,57835,2021-03-30 08:38:31,"0x1E58EE06491FF93198BDF28904128334DFEA5F7D3DF2FACA603D77FF4FD16A64",142,"2021-03"
"143",7522,57793,2021-03-30 10:48:29,"0xBF3668B4B9040910389163CB16ABA8BD04DC56B895AE27D1D9E0600F7DC72ECC",143,"2021-03"
"144",7523,56715,2021-03-30 11:15:43,"0x06BC0A3E95D0EE37686A19E5ACEEE52E942DA7F8D164A4CC25684739955566A3",144,"2021-03"
"145",7537,48124,2021-03-30 15:39:04,"0x8BDB884F8302EFC9B4792E98071EEC7BE79C1EDA4756C2D5D34CEB24EB1596C9",145,"2021-03"
"146",7540,56827,2021-03-30 16:26:09,"0x2171C7C91790188679D779230AE8AFB9046CD9798DF79493488AB6F6D7EAE919",146,"2021-03"
"147",7548,48172,2021-03-30 21:08:04,"0x3D8617A496C27B389A3688D248E9AA5296180C6D63106CDB169D3C593CD2E9B0",147,"2021-03"
"148",7549,48172,2021-03-30 21:08:14,"0x3D8617A496C27B389A3688D248E9AA5296180C6D63106CDB169D3C593CD2E9B0",148,"2021-03"
"149",7550,48172,2021-03-30 21:08:24,"0x3D8617A496C27B389A3688D248E9AA5296180C6D63106CDB169D3C593CD2E9B0",149,"2021-03"
"150",7551,48172,2021-03-30 21:08:48,"0x3D8617A496C27B389A3688D248E9AA5296180C6D63106CDB169D3C593CD2E9B0",150,"2021-03"
"151",6091,48047,2021-02-04 08:09:48,"0xB041D6D948C8AF8421E5B6B43D42AC763C1BFFD4375D541D0BE642607544103B",151,"2021-02"
"152",6106,54602,2021-02-04 12:18:56,"0x8E499AC23BCB2C32F6DC10398DFBA55A839BDB69455CB28427E280A889A19CCA",152,"2021-02"
"153",6115,54602,2021-02-04 16:28:58,"0x2171C7C91790188679D779230AE8AFB9046CD9798DF79493488AB6F6D7EAE919",153,"2021-02"
"154",6130,55553,2021-02-05 08:21:10,"0x885C9CDD02EE26879EBD64198761FD4CCE564BC8873A8C43588CB6C7CA924E9C",154,"2021-02"
"155",6205,48124,2021-02-08 21:53:14,"0x8BDB884F8302EFC9B4792E98071EEC7BE79C1EDA4756C2D5D34CEB24EB1596C9",155,"2021-02"
"156",6217,55553,2021-02-09 08:24:55,"0x6EBA45BBC1B1C2DB1CD2C356EE952CEC64BCE955E0C6D0263C7A7F89E84C062D",156,"2021-02"
"157",6231,54465,2021-02-09 12:15:02,"0xE03A7A3CCAE1D7D3EC3D28921B638F9E43316813F285290B983C920AD44B688A",157,"2021-02"
"158",6239,54465,2021-02-09 16:54:48,"0x3E238E63A3BA25A07440170441E9AF11737C578E92D4F679DFE92F2303F3FD1D",158,"2021-02"
"159",6247,56030,2021-02-10 07:54:52,"0x06DF5828F2E73EDB4B9D0B4F7CB7E4475CDFF9621F7F65B17D07E30E7E495483",159,"2021-02"
"160",6249,55553,2021-02-10 08:17:40,"0x885C9CDD02EE26879EBD64198761FD4CCE564BC8873A8C43588CB6C7CA924E9C",160,"2021-02"
"161",6257,54465,2021-02-10 12:49:21,"0xE03A7A3CCAE1D7D3EC3D28921B638F9E43316813F285290B983C920AD44B688A",161,"2021-02"
"162",6259,55538,2021-02-10 12:55:37,"0x5034A3B48914A328138E14D41B13FFF2FED2410FCD261065E94559CE48A3C243",162,"2021-02"
"163",6260,54465,2021-02-10 15:14:44,"0x3E238E63A3BA25A07440170441E9AF11737C578E92D4F679DFE92F2303F3FD1D",163,"2021-02"
"164",6275,54602,2021-02-11 08:46:55,"0x8E499AC23BCB2C32F6DC10398DFBA55A839BDB69455CB28427E280A889A19CCA",164,"2021-02"
"165",6285,54465,2021-02-11 14:21:17,"0xE03A7A3CCAE1D7D3EC3D28921B638F9E43316813F285290B983C920AD44B688A",165,"2021-02"
"166",6289,54465,2021-02-11 21:23:40,"0x3E238E63A3BA25A07440170441E9AF11737C578E92D4F679DFE92F2303F3FD1D",166,"2021-02"
"167",6291,48124,2021-02-12 07:08:39,"0x369480DE9F1DA96C1A3E361357A3738181916C9E2285B08D73BA612370BB25FF",167,"2021-02"
"168",6308,56030,2021-02-12 12:36:20,"0xE6062A7B500DAB65D746329B99D5AAEA86A0265CD83789D4587F4ECAD8472C87",168,"2021-02"
"169",6322,56030,2021-02-14 10:03:08,"0x06DF5828F2E73EDB4B9D0B4F7CB7E4475CDFF9621F7F65B17D07E30E7E495483",169,"2021-02"
"170",6331,55474,2021-02-15 20:11:49,"0x899D290F2CD5EE0FBD36CA92AAE612CD3781FD84F65E9C362DD56FED9FE2B412",170,"2021-02"
"171",6339,48516,2021-02-16 07:45:24,"0x84DBB852222147A84D3F9A48C35BB3B4C0EA0BB9E579381FDC2A8ABACC63FF83",171,"2021-02"
"172",6366,55474,2021-02-17 05:20:57,"0x1862D5BDFCA2CE95CBA7917F87C89D7519F59476E98C08ACB7B4A1F0E47FEC6C",172,"2021-02"
"173",6370,48516,2021-02-17 08:02:32,"0x75D52C813C746CA07795D6421F6190438D2C24D605776D3CFF211190E155D144",173,"2021-02"
"174",6373,48047,2021-02-17 08:12:17,"0x634B4678EE09397DDF9FF0D28F4178279D232B137C2725A9A61DB41B65104E76",174,"2021-02"
"175",6376,54602,2021-02-17 09:01:26,"0x2171C7C91790188679D779230AE8AFB9046CD9798DF79493488AB6F6D7EAE919",175,"2021-02"
"176",6377,54602,2021-02-17 09:01:30,"0x8E3DDEBF50AC493761797B05C220F6A96F6A61C751E38798F6C4D2A0552EF77A",176,"2021-02"
"177",6394,48124,2021-02-17 15:05:45,"0x8BDB884F8302EFC9B4792E98071EEC7BE79C1EDA4756C2D5D34CEB24EB1596C9",177,"2021-02"
"178",6408,48047,2021-02-18 07:48:21,"0xB041D6D948C8AF8421E5B6B43D42AC763C1BFFD4375D541D0BE642607544103B",178,"2021-02"
"179",6423,54465,2021-02-18 14:55:07,"0xE03A7A3CCAE1D7D3EC3D28921B638F9E43316813F285290B983C920AD44B688A",179,"2021-02"
"180",6435,55482,2021-02-18 22:26:15,"0x3CB442C009CF35F016210A5293AA60D4F9DB313D6FCCBAB3944406682DD28180",180,"2021-02"
"181",6437,55451,2021-02-19 07:22:14,"0x7FE324C7E7A28C434C633D67DDF0D4FF1AD0753E86B8B92282194607E9EF8EED",181,"2021-02"
"182",6457,48124,2021-02-19 18:23:38,"0x369480DE9F1DA96C1A3E361357A3738181916C9E2285B08D73BA612370BB25FF",182,"2021-02"
"183",6460,55482,2021-02-20 15:19:23,"0x7C57298C7A853A0C818AA56EFB08356DBD2FAF10C9CDC37A95876D889FDA8E86",183,"2021-02"
"184",6463,54602,2021-02-21 16:01:30,"0x8E3DDEBF50AC493761797B05C220F6A96F6A61C751E38798F6C4D2A0552EF77A",184,"2021-02"
"185",6470,54465,2021-02-21 23:23:20,"0x3E238E63A3BA25A07440170441E9AF11737C578E92D4F679DFE92F2303F3FD1D",185,"2021-02"
"186",6471,55451,2021-02-22 05:23:58,"0xA8DB42C8271D177C9FAB244C5428D2AEFF5338357C8A3F1061263BEBFC804107",186,"2021-02"
"187",6474,54637,2021-02-22 07:28:21,"0x28FCFB509B93A588E64AEA202DD95E261DB52F13BB122915B6CF3DAACDC14C86",187,"2021-02"
"188",6507,48124,2021-02-22 21:30:31,"0x8BDB884F8302EFC9B4792E98071EEC7BE79C1EDA4756C2D5D34CEB24EB1596C9",188,"2021-02"
"189",6508,48124,2021-02-22 23:45:57,"0x369480DE9F1DA96C1A3E361357A3738181916C9E2285B08D73BA612370BB25FF",189,"2021-02"
"190",6509,55451,2021-02-23 05:23:49,"0xA8DB42C8271D177C9FAB244C5428D2AEFF5338357C8A3F1061263BEBFC804107",190,"2021-02"
"191",6514,48516,2021-02-23 07:53:26,"0x84DBB852222147A84D3F9A48C35BB3B4C0EA0BB9E579381FDC2A8ABACC63FF83",191,"2021-02"
"192",6520,48121,2021-02-23 08:47:57,"0x27FA33F0154C58639A5D45D18698AB49FF59B35CBFAD31C7134C74D0C6703B12",192,"2021-02"
"193",6521,48121,2021-02-23 08:48:02,"0x456F8DA07E4514A9204F0EE22CA4EFC1CF231D5F2C2CADF3E39D99B2F73D0303",193,"2021-02"
"194",6542,48124,2021-02-23 13:00:24,"0x8BDB884F8302EFC9B4792E98071EEC7BE79C1EDA4756C2D5D34CEB24EB1596C9",194,"2021-02"
"195",6561,48516,2021-02-24 07:38:19,"0x75D52C813C746CA07795D6421F6190438D2C24D605776D3CFF211190E155D144",195,"2021-02"
"196",6562,48047,2021-02-24 07:46:52,"0x634B4678EE09397DDF9FF0D28F4178279D232B137C2725A9A61DB41B65104E76",196,"2021-02"
"197",6564,56030,2021-02-24 08:01:27,"0xE6062A7B500DAB65D746329B99D5AAEA86A0265CD83789D4587F4ECAD8472C87",197,"2021-02"
"198",6565,48172,2021-02-24 08:01:47,"0x3D8617A496C27B389A3688D248E9AA5296180C6D63106CDB169D3C593CD2E9B0",198,"2021-02"
"199",6566,48172,2021-02-24 08:01:55,"0x64E87C73C29FC98891DCE4D471C4FBAE1CA84478037133EF64CB0DA906478358",199,"2021-02"
"200",6569,55553,2021-02-24 08:12:32,"0x6EBA45BBC1B1C2DB1CD2C356EE952CEC64BCE955E0C6D0263C7A7F89E84C062D",200,"2021-02"
"201",5433,51961,2021-01-13 05:47:49,"0x90E9472CA96117ECC10139B13CC2A978A6BB80B9D44EC2044490541A733DB184",201,"2021-01"
"202",5434,51961,2021-01-13 05:47:55,"0x90E9472CA96117ECC10139B13CC2A978A6BB80B9D44EC2044490541A733DB184",202,"2021-01"
"203",5440,51882,2021-01-13 08:14:35,"0x885C9CDD02EE26879EBD64198761FD4CCE564BC8873A8C43588CB6C7CA924E9C",203,"2021-01"
"204",5445,48496,2021-01-13 09:08:15,"0xA1843E543D25DD5FEF30B50BD3D9F77F36E4364CF277FDB6EF6BD1BBD7DB63E4",204,"2021-01"
"205",5447,48496,2021-01-13 09:38:45,"0xF343620C447212644A672CEC87EFC4B5FA0A373926BB19EFF43F38BEE1CF8F4C",205,"2021-01"
"206",5456,50831,2021-01-13 14:16:40,"0x8E3DDEBF50AC493761797B05C220F6A96F6A61C751E38798F6C4D2A0552EF77A",206,"2021-01"
"207",5457,50831,2021-01-13 14:16:45,"0x8E499AC23BCB2C32F6DC10398DFBA55A839BDB69455CB28427E280A889A19CCA",207,"2021-01"
"208",5478,53970,2021-01-13 16:49:32,"0xD401A8AAA66D274023F692392BABC037DFCCDADBB1E2A490D84428ADCE4212A9",208,"2021-01"
"209",5482,51791,2021-01-13 20:54:19,"0x875501B6EE3C16461B845A3A68D66ED03805908E5F74EB42A3B3D2D718746B14",209,"2021-01"
"210",5552,48124,2021-01-15 15:38:19,"0x369480DE9F1DA96C1A3E361357A3738181916C9E2285B08D73BA612370BB25FF",210,"2021-01"
"211",5587,48124,2021-01-18 11:25:33,"0x8BDB884F8302EFC9B4792E98071EEC7BE79C1EDA4756C2D5D34CEB24EB1596C9",211,"2021-01"
"212",5588,48124,2021-01-18 11:25:41,"0x05628511E4FF481B8E60CAD3BD2DCF87A3875C52C8609E544F4D8FD62905BEC7",212,"2021-01"
"213",5603,48516,2021-01-18 16:58:01,"0x75D52C813C746CA07795D6421F6190438D2C24D605776D3CFF211190E155D144",213,"2021-01"
"214",5634,50831,2021-01-19 17:15:50,"0x8E499AC23BCB2C32F6DC10398DFBA55A839BDB69455CB28427E280A889A19CCA",214,"2021-01"
"215",5657,51772,2021-01-20 07:57:53,"0xA8DB42C8271D177C9FAB244C5428D2AEFF5338357C8A3F1061263BEBFC804107",215,"2021-01"
"216",5666,48124,2021-01-20 11:56:51,"0x05628511E4FF481B8E60CAD3BD2DCF87A3875C52C8609E544F4D8FD62905BEC7",216,"2021-01"
"217",5676,51772,2021-01-20 21:40:31,"0xA8DB42C8271D177C9FAB244C5428D2AEFF5338357C8A3F1061263BEBFC804107",217,"2021-01"
"218",5699,50831,2021-01-21 15:52:40,"0x8E3DDEBF50AC493761797B05C220F6A96F6A61C751E38798F6C4D2A0552EF77A",218,"2021-01"
"219",5720,51882,2021-01-22 08:13:37,"0x6EBA45BBC1B1C2DB1CD2C356EE952CEC64BCE955E0C6D0263C7A7F89E84C062D",219,"2021-01"
"220",5724,50723,2021-01-22 08:59:45,"0xE03A7A3CCAE1D7D3EC3D28921B638F9E43316813F285290B983C920AD44B688A",220,"2021-01"
"221",5742,50723,2021-01-22 15:02:56,"0x3E238E63A3BA25A07440170441E9AF11737C578E92D4F679DFE92F2303F3FD1D",221,"2021-01"
"222",5752,50723,2021-01-23 12:00:10,"0xE03A7A3CCAE1D7D3EC3D28921B638F9E43316813F285290B983C920AD44B688A",222,"2021-01"
"223",5753,50723,2021-01-23 12:00:17,"0xE03A7A3CCAE1D7D3EC3D28921B638F9E43316813F285290B983C920AD44B688A",223,"2021-01"
"224",5757,50723,2021-01-23 18:03:30,"0x3E238E63A3BA25A07440170441E9AF11737C578E92D4F679DFE92F2303F3FD1D",224,"2021-01"
"225",5767,51882,2021-01-25 08:25:22,"0x885C9CDD02EE26879EBD64198761FD4CCE564BC8873A8C43588CB6C7CA924E9C",225,"2021-01"
"226",5779,50831,2021-01-25 12:03:16,"0x8E499AC23BCB2C32F6DC10398DFBA55A839BDB69455CB28427E280A889A19CCA",226,"2021-01"
"227",5782,47653,2021-01-25 13:19:24,"0x73DA4BB0788482F9159700BFDF0BFD66D5EC94456EF9471F30D010D73137F8D1",227,"2021-01"
"228",5794,51882,2021-01-26 07:59:12,"0x6EBA45BBC1B1C2DB1CD2C356EE952CEC64BCE955E0C6D0263C7A7F89E84C062D",228,"2021-01"
"229",5803,48124,2021-01-26 09:11:19,"0x8BDB884F8302EFC9B4792E98071EEC7BE79C1EDA4756C2D5D34CEB24EB1596C9",229,"2021-01"
"230",5870,51882,2021-01-28 08:17:55,"0x885C9CDD02EE26879EBD64198761FD4CCE564BC8873A8C43588CB6C7CA924E9C",230,"2021-01"
"231",5872,48047,2021-01-28 08:19:31,"0xB041D6D948C8AF8421E5B6B43D42AC763C1BFFD4375D541D0BE642607544103B",231,"2021-01"
"232",5894,51772,2021-01-29 05:00:55,"0x7FE324C7E7A28C434C633D67DDF0D4FF1AD0753E86B8B92282194607E9EF8EED",232,"2021-01"
"233",5900,51882,2021-01-29 08:19:09,"0x6EBA45BBC1B1C2DB1CD2C356EE952CEC64BCE955E0C6D0263C7A7F89E84C062D",233,"2021-01"
"234",5903,52040,2021-01-29 09:02:29,"0x04CDC8AE2A57873E8166A46A5FBB1612122197DB5A95B5F8E8A7C3181494B0B5",234,"2021-01"
"235",5930,48124,2021-01-29 12:41:31,"0x369480DE9F1DA96C1A3E361357A3738181916C9E2285B08D73BA612370BB25FF",235,"2021-01"
"236",5941,50831,2021-01-29 16:54:24,"0x3CBFA891F83B6084D99EF8999E26823C5710C34F32305A1B4217B929D679A37F",236,"2021-01"
"237",5944,54550,2021-01-29 20:37:51,"0x2D621C0246E81837F83FB682ACE897F052250318D011BFF59C7BA77B73C54089",237,"2021-01"
"238",5950,53728,2021-01-31 21:32:04,"0x57252C00AC43EC2C40E1710A0C77C6C6F95C1397EA435A3B59B02D260769F638",238,"2021-02"
"239",5956,48516,2021-02-01 07:36:59,"0x84DBB852222147A84D3F9A48C35BB3B4C0EA0BB9E579381FDC2A8ABACC63FF83",239,"2021-02"
"240",5975,48047,2021-02-01 12:42:26,"0x634B4678EE09397DDF9FF0D28F4178279D232B137C2725A9A61DB41B65104E76",240,"2021-02"
"241",6011,55583,2021-02-02 07:43:33,"0x6AA7FF61C2422A23656F6612BBBEE85A137824A7306AA0BF4A1AE3CE33CC4423",241,"2021-02"
"242",6026,54542,2021-02-02 10:34:43,"0x06BC0A3E95D0EE37686A19E5ACEEE52E942DA7F8D164A4CC25684739955566A3",242,"2021-02"
"243",6044,55567,2021-02-03 06:35:00,"0xA90BA60C2F5E5CCEF2A8914D646CF45F202368F49A2EC3634E66195C0D31B30A",243,"2021-02"
"244",6046,54637,2021-02-03 07:15:24,"0x1DF150ABD08E07CAAAEC300EBBC9BA588B71FB8369AF8F4530D03C031330F137",244,"2021-02"
"245",6048,48516,2021-02-03 07:48:19,"0x75D52C813C746CA07795D6421F6190438D2C24D605776D3CFF211190E155D144",245,"2021-02"
"246",6051,54542,2021-02-03 08:24:33,"0xD8CA7162298A6B7A6B9480E462E5295433944547D74A7B08233973AF4B6CAEB4",246,"2021-02"
"247",6059,54998,2021-02-03 12:04:03,"0xFA36F899CB91DC8F744BBA7F1054DA0E2A1FF7C531C1B1CBB413F6D583AEA729",247,"2021-02"
"248",6083,55567,2021-02-04 06:25:00,"0xBF50A72502C89AC26C91B8BC6FB7A159880F453C9174487F5419F439F63CE6A6",248,"2021-02"
"249",6088,55583,2021-02-04 07:36:37,"0xFA14589E804D9E1EB8FA78CF89457C0DCB0B04158E3BD9159151D35B37C0876C",249,"2021-02"
"250",6089,55583,2021-02-04 07:38:38,"0xFA14589E804D9E1EB8FA78CF89457C0DCB0B04158E3BD9159151D35B37C0876C",250,"2021-02"
"251",6570,48440,2021-02-24 08:38:22,"0x9E1CF4CD236EE07241ADA7DB7A62BFA674EDB657649148FD339B42723756EA60",251,"2021-02"
"252",6571,48440,2021-02-24 08:38:33,"0x9E1CF4CD236EE07241ADA7DB7A62BFA674EDB657649148FD339B42723756EA60",252,"2021-02"
"253",6572,48440,2021-02-24 08:38:47,"0x9E1CF4CD236EE07241ADA7DB7A62BFA674EDB657649148FD339B42723756EA60",253,"2021-02"
"254",6573,55697,2021-02-24 08:39:26,"0x1301DB145F8A62F24DB8FEBC8C47141F6D64486DF52D288EF9EE84485D2B5BCD",254,"2021-02"
"255",6574,48440,2021-02-24 08:41:29,"0x9E1CF4CD236EE07241ADA7DB7A62BFA674EDB657649148FD339B42723756EA60",255,"2021-02"
"256",6589,48440,2021-02-24 20:49:20,"0x8BD35EF56821E0EECDF6E499C66FBBC91DB482552F43C702B3F798FE66D27283",256,"2021-02"
"257",6596,55553,2021-02-25 08:09:05,"0x885C9CDD02EE26879EBD64198761FD4CCE564BC8873A8C43588CB6C7CA924E9C",257,"2021-02"
"258",6598,48124,2021-02-25 08:21:26,"0x8E3DDEBF50AC493761797B05C220F6A96F6A61C751E38798F6C4D2A0552EF77A",258,"2021-02"
"259",6688,48047,2021-03-01 07:50:38,"0xB041D6D948C8AF8421E5B6B43D42AC763C1BFFD4375D541D0BE642607544103B",259,"2021-03"
"260",6736,56827,2021-03-01 16:16:14,"0x8E499AC23BCB2C32F6DC10398DFBA55A839BDB69455CB28427E280A889A19CCA",260,"2021-03"
"261",6747,57604,2021-03-02 05:17:54,"0x7FE324C7E7A28C434C633D67DDF0D4FF1AD0753E86B8B92282194607E9EF8EED",261,"2021-03"
"262",6761,57671,2021-03-02 09:07:32,"0x0ADE59806D6F1F074F0ADAE527BFA688224A9A276918E6FF9690BCA0FC96B443",262,"2021-03"
"263",6771,57835,2021-03-02 09:30:23,"0x1301DB145F8A62F24DB8FEBC8C47141F6D64486DF52D288EF9EE84485D2B5BCD",263,"2021-03"
"264",6790,56827,2021-03-02 15:45:43,"0x8E3DDEBF50AC493761797B05C220F6A96F6A61C751E38798F6C4D2A0552EF77A",264,"2021-03"
"265",6791,56827,2021-03-02 15:45:48,"0x8E3DDEBF50AC493761797B05C220F6A96F6A61C751E38798F6C4D2A0552EF77A",265,"2021-03"
"266",6801,57701,2021-03-03 08:19:24,"0x6EBA45BBC1B1C2DB1CD2C356EE952CEC64BCE955E0C6D0263C7A7F89E84C062D",266,"2021-03"
"267",6808,57671,2021-03-03 11:00:51,"0xAD9935152E14D6A24B3428992A89E80D25680CA87FD5A95F5BDC25B2443F0066",267,"2021-03"
"268",6809,48124,2021-03-03 11:17:11,"0x8BDB884F8302EFC9B4792E98071EEC7BE79C1EDA4756C2D5D34CEB24EB1596C9",268,"2021-03"
"269",6827,57701,2021-03-04 08:12:31,"0x885C9CDD02EE26879EBD64198761FD4CCE564BC8873A8C43588CB6C7CA924E9C",269,"2021-03"
"270",6852,56730,2021-03-04 19:53:02,"0xE03A7A3CCAE1D7D3EC3D28921B638F9E43316813F285290B983C920AD44B688A",270,"2021-03"
"271",6885,56827,2021-03-05 16:35:55,"0x8E499AC23BCB2C32F6DC10398DFBA55A839BDB69455CB28427E280A889A19CCA",271,"2021-03"
"272",6894,48124,2021-03-07 17:39:06,"0x369480DE9F1DA96C1A3E361357A3738181916C9E2285B08D73BA612370BB25FF",272,"2021-03"
"273",6901,48516,2021-03-08 07:36:12,"0x84DBB852222147A84D3F9A48C35BB3B4C0EA0BB9E579381FDC2A8ABACC63FF83",273,"2021-03"
"274",6910,48047,2021-03-08 08:06:31,"0x634B4678EE09397DDF9FF0D28F4178279D232B137C2725A9A61DB41B65104E76",274,"2021-03"
"275",6920,53749,2021-03-08 11:10:07,"0x45C7979EB938382E1CDB85BF5A9EFA2E482DA7F1C4EFB9081319409A4641708E",275,"2021-03"
"276",6944,57701,2021-03-09 08:20:18,"0x6EBA45BBC1B1C2DB1CD2C356EE952CEC64BCE955E0C6D0263C7A7F89E84C062D",276,"2021-03"
"277",6965,57604,2021-03-10 05:14:36,"0xA8DB42C8271D177C9FAB244C5428D2AEFF5338357C8A3F1061263BEBFC804107",277,"2021-03"
"278",6966,57604,2021-03-10 05:15:03,"0x7FE324C7E7A28C434C633D67DDF0D4FF1AD0753E86B8B92282194607E9EF8EED",278,"2021-03"
"279",6970,57701,2021-03-10 08:20:43,"0x885C9CDD02EE26879EBD64198761FD4CCE564BC8873A8C43588CB6C7CA924E9C",279,"2021-03"
"280",6977,56730,2021-03-10 12:43:05,"0x8E626D6B84D467A907889E950F52778ECD0263CC4016599F29B186E0CF818E5E",280,"2021-03"
"281",6988,56827,2021-03-10 15:32:18,"0x8E3DDEBF50AC493761797B05C220F6A96F6A61C751E38798F6C4D2A0552EF77A",281,"2021-03"
"282",7001,48047,2021-03-11 08:03:24,"0xB041D6D948C8AF8421E5B6B43D42AC763C1BFFD4375D541D0BE642607544103B",282,"2021-03"
"283",7002,48074,2021-03-11 08:04:48,"0x14917CBDDF7340F9A7A3B10E7186A4EE37F26E5A57B1DB922E326A2F79874E27",283,"2021-03"
"284",7008,56827,2021-03-11 09:25:39,"0x8E499AC23BCB2C32F6DC10398DFBA55A839BDB69455CB28427E280A889A19CCA",284,"2021-03"
"285",7017,56827,2021-03-11 12:21:24,"0x2171C7C91790188679D779230AE8AFB9046CD9798DF79493488AB6F6D7EAE919",285,"2021-03"
"286",7021,48124,2021-03-11 12:48:16,"0x369480DE9F1DA96C1A3E361357A3738181916C9E2285B08D73BA612370BB25FF",286,"2021-03"
"287",7070,58222,2021-03-15 07:55:04,"0x8788DCAA6605FBD82DF6F2F1CB88D80DB2CA590CB67DD06236E39B8AC6C875F0",287,"2021-03"
"288",7086,57687,2021-03-15 13:06:36,"0x5BA637A64938997F1AC59C31FF2C99510276918DA9879D770358BBA78A393371",288,"2021-03"
"289",7093,48440,2021-03-15 14:38:09,"0x9E1CF4CD236EE07241ADA7DB7A62BFA674EDB657649148FD339B42723756EA60",289,"2021-03"
"290",7094,56827,2021-03-15 15:54:19,"0x8E499AC23BCB2C32F6DC10398DFBA55A839BDB69455CB28427E280A889A19CCA",290,"2021-03"
"291",7109,56827,2021-03-16 08:35:51,"0x2171C7C91790188679D779230AE8AFB9046CD9798DF79493488AB6F6D7EAE919",291,"2021-03"
"292",7118,48124,2021-03-16 15:10:15,"0x8BDB884F8302EFC9B4792E98071EEC7BE79C1EDA4756C2D5D34CEB24EB1596C9",292,"2021-03"
"293",7161,56861,2021-03-17 14:41:27,"0x25F50B6B92BBC5BB8D9AA9C7F806C26EAD5EF011CFA1447E43AAB976D71075A0",293,"2021-03"
"294",7165,48440,2021-03-17 16:11:20,"0x8BD35EF56821E0EECDF6E499C66FBBC91DB482552F43C702B3F798FE66D27283",294,"2021-03"
"295",7175,48130,2021-03-18 06:25:05,"0xB2B917B122F1C232B6B7618B46CCDCE6B1EE22A868014EFDC019F4C98A68C724",295,"2021-03"
"296",7176,48130,2021-03-18 06:25:16,"0xB2B917B122F1C232B6B7618B46CCDCE6B1EE22A868014EFDC019F4C98A68C724",296,"2021-03"
"297",7179,48130,2021-03-18 07:40:42,"0xB2B917B122F1C232B6B7618B46CCDCE6B1EE22A868014EFDC019F4C98A68C724",297,"2021-03"
"298",7183,48074,2021-03-18 08:20:49,"0xA9B67C6A5C592B5CE4DD1E0AD514763C2607D2E2CFB9C717489ECE6ED2E374A0",298,"2021-03"
"299",7184,48711,2021-03-18 08:21:20,"0xFE13529929B0E78662CFBF6FC0416FC81910351D5E0855CD79619EAD4AED4BFE",299,"2021-03"
"300",7188,47708,2021-03-18 09:34:47,"0xACB7032230C6FEB4F55BCB282A07E1650D0AC9273080356BFF06C80841E93619",300,"2021-03"
"301",7552,48172,2021-03-30 21:08:56,"0x3D8617A496C27B389A3688D248E9AA5296180C6D63106CDB169D3C593CD2E9B0",301,"2021-03"
"302",7553,48172,2021-03-30 21:09:09,"0x3D8617A496C27B389A3688D248E9AA5296180C6D63106CDB169D3C593CD2E9B0",302,"2021-03"
"303",7554,48172,2021-03-30 21:09:36,"0x3D8617A496C27B389A3688D248E9AA5296180C6D63106CDB169D3C593CD2E9B0",303,"2021-03"
"304",7555,48172,2021-03-30 21:10:49,"0x3D8617A496C27B389A3688D248E9AA5296180C6D63106CDB169D3C593CD2E9B0",304,"2021-03"
"305",7556,48172,2021-03-30 21:11:34,"0x3D8617A496C27B389A3688D248E9AA5296180C6D63106CDB169D3C593CD2E9B0",305,"2021-03"
"306",7557,48172,2021-03-30 21:13:23,"0x3D8617A496C27B389A3688D248E9AA5296180C6D63106CDB169D3C593CD2E9B0",306,"2021-03"
"307",7569,57604,2021-03-31 08:08:23,"0x7FE324C7E7A28C434C633D67DDF0D4FF1AD0753E86B8B92282194607E9EF8EED",307,"2021-03"
"308",7584,57835,2021-03-31 09:16:34,"0x1E58EE06491FF93198BDF28904128334DFEA5F7D3DF2FACA603D77FF4FD16A64",308,"2021-03"
"309",7585,57835,2021-03-31 09:16:38,"0x04CDC8AE2A57873E8166A46A5FBB1612122197DB5A95B5F8E8A7C3181494B0B5",309,"2021-03"
"310",7607,48124,2021-03-31 15:48:47,"0x8E3DDEBF50AC493761797B05C220F6A96F6A61C751E38798F6C4D2A0552EF77A",310,"2021-03"
"311",7628,48121,2021-04-01 07:26:40,"0x456F8DA07E4514A9204F0EE22CA4EFC1CF231D5F2C2CADF3E39D99B2F73D0303",311,"2021-04"
"312",7629,48121,2021-04-01 07:26:59,"0x27FA33F0154C58639A5D45D18698AB49FF59B35CBFAD31C7134C74D0C6703B12",312,"2021-04"
"313",7630,48121,2021-04-01 07:27:12,"0x456F8DA07E4514A9204F0EE22CA4EFC1CF231D5F2C2CADF3E39D99B2F73D0303",313,"2021-04"
"314",7636,48047,2021-04-01 08:04:18,"0x634B4678EE09397DDF9FF0D28F4178279D232B137C2725A9A61DB41B65104E76",314,"2021-04"
"315",7639,59878,2021-04-01 08:09:09,"0x6EBA45BBC1B1C2DB1CD2C356EE952CEC64BCE955E0C6D0263C7A7F89E84C062D",315,"2021-04"
"316",7687,58875,2021-04-03 17:58:43,"0x15F4F89304F92860C5A7F8440D01ACCA939844DF68D90B8F478385F6710F947B",316,"2021-04"
"317",7688,58875,2021-04-03 18:03:14,"0x15F4F89304F92860C5A7F8440D01ACCA939844DF68D90B8F478385F6710F947B",317,"2021-04"
"318",7703,48124,2021-04-05 19:28:56,"0x8BDB884F8302EFC9B4792E98071EEC7BE79C1EDA4756C2D5D34CEB24EB1596C9",318,"2021-04"
"319",7720,48172,2021-04-06 08:17:23,"0x64E87C73C29FC98891DCE4D471C4FBAE1CA84478037133EF64CB0DA906478358",319,"2021-04"
"320",7733,59054,2021-04-06 09:08:22,"0x8E499AC23BCB2C32F6DC10398DFBA55A839BDB69455CB28427E280A889A19CCA",320,"2021-04"
"321",7737,60626,2021-04-06 10:35:19,"0xAD9935152E14D6A24B3428992A89E80D25680CA87FD5A95F5BDC25B2443F0066",321,"2021-04"
"322",7750,59878,2021-04-06 15:21:07,"0x885C9CDD02EE26879EBD64198761FD4CCE564BC8873A8C43588CB6C7CA924E9C",322,"2021-04"
"323",7754,59827,2021-04-06 16:25:31,"0x3810343EC8B7756D1750407F04FF8B065D109904B99467DA7E4DFB6116622D42",323,"2021-04"
"324",7786,60768,2021-04-07 11:00:58,"0x3BD18342AFE20518880281DCC5E2642D7C49C2E6CDDF1C2A66E909EFA8931ABE",324,"2021-04"
"325",7791,48172,2021-04-07 12:51:44,"0x3D8617A496C27B389A3688D248E9AA5296180C6D63106CDB169D3C593CD2E9B0",325,"2021-04"
"326",7808,60768,2021-04-08 07:59:59,"0x611E728DC6F9067E081E2F9157BBB5BDECCF8EB079ECB12C547ABF2195BB25B7",326,"2021-04"
"327",7812,48047,2021-04-08 08:12:10,"0xB041D6D948C8AF8421E5B6B43D42AC763C1BFFD4375D541D0BE642607544103B",327,"2021-04"
"328",7819,60542,2021-04-08 12:44:36,"0x3363FC31B6B60602E0BDE26F8507E458F4893310DF35919A98B81FA88BB110CF",328,"2021-04"
"329",7820,59784,2021-04-08 12:53:58,"0xD5D22A551C813537810339712FC3481C580E8E50E7C042A922BC50107F38887E",329,"2021-04"
"330",7821,48172,2021-04-08 13:15:27,"0x64E87C73C29FC98891DCE4D471C4FBAE1CA84478037133EF64CB0DA906478358",330,"2021-04"
"331",7824,60103,2021-04-08 14:18:30,"0xF42EF06B4DAAD64256A7EA5DD6D2881F247CF88321E17AEF9DB58B1E2D9A2604",331,"2021-04"
"332",7827,53967,2021-04-08 16:15:11,"0xB9C350FE79DF4B5084FF031BA698B811584D8934F6E09DC1771290B7A5A234B2",332,"2021-04"
"333",7828,48172,2021-04-08 16:23:58,"0x3D8617A496C27B389A3688D248E9AA5296180C6D63106CDB169D3C593CD2E9B0",333,"2021-04"
"334",7835,60542,2021-04-08 23:21:27,"0xB2E033ECE690E1E1359853785CC9F137DB02A7E8C62B02D26DE6EF4980AD624C",334,"2021-04"
"335",7837,59970,2021-04-09 06:32:45,"0x244C1511D97FE598931BCDF8F5D476F8866EC88AD5AABB9A2B7C9918A2E1A727",335,"2021-04"
"336",7840,48172,2021-04-09 07:46:04,"0x3D8617A496C27B389A3688D248E9AA5296180C6D63106CDB169D3C593CD2E9B0",336,"2021-04"
"337",7843,59878,2021-04-09 08:14:37,"0x6EBA45BBC1B1C2DB1CD2C356EE952CEC64BCE955E0C6D0263C7A7F89E84C062D",337,"2021-04"
"338",7844,48047,2021-04-09 08:19:29,"0x634B4678EE09397DDF9FF0D28F4178279D232B137C2725A9A61DB41B65104E76",338,"2021-04"
"339",7853,59783,2021-04-09 13:06:35,"0xA8DB42C8271D177C9FAB244C5428D2AEFF5338357C8A3F1061263BEBFC804107",339,"2021-04"
"340",7856,48124,2021-04-09 15:52:27,"0x369480DE9F1DA96C1A3E361357A3738181916C9E2285B08D73BA612370BB25FF",340,"2021-04"
"341",7861,60103,2021-04-09 20:31:42,"0x4D17885F5DD25959E0A9765F8423DA4B370ACF9F1323BCCC220F5BA9D016166C",341,"2021-04"
"342",7869,59784,2021-04-11 19:40:30,"0xE6DDB98BE97F3AA209180AC472932FD2EFCE09F99E8B9C0028685AD025D29442",342,"2021-04"
"343",7875,59783,2021-04-12 05:05:26,"0x7FE324C7E7A28C434C633D67DDF0D4FF1AD0753E86B8B92282194607E9EF8EED",343,"2021-04"
"344",7879,48072,2021-04-12 07:39:02,"0xB1C0708EB86ED499B9CF8DE927825E5AECAE6A26496B20F364AFD94FEFA7DA9E",344,"2021-04"
"345",7885,59878,2021-04-12 08:18:18,"0x885C9CDD02EE26879EBD64198761FD4CCE564BC8873A8C43588CB6C7CA924E9C",345,"2021-04"
"346",7886,59878,2021-04-12 08:18:22,"0x885C9CDD02EE26879EBD64198761FD4CCE564BC8873A8C43588CB6C7CA924E9C",346,"2021-04"
"347",7909,48124,2021-04-12 12:11:49,"0x8BDB884F8302EFC9B4792E98071EEC7BE79C1EDA4756C2D5D34CEB24EB1596C9",347,"2021-04"
"348",7910,59056,2021-04-12 12:50:54,"0xD23C2DD08DFA23014337E991ACF60149170D0556352EA1E4299060DB36833DF5",348,"2021-04"
"349",7920,59056,2021-04-12 18:44:38,"0xDBFAE8FF0BC1F3CE7AD77A716C6854B59DE73D5A5A51270811544AA031848E63",349,"2021-04"
"350",7924,48130,2021-04-13 06:27:43,"0x466569C6744536A41DFA506ABF30590E054A301C698B1EDD116B5FD26EE73AF3",350,"2021-04"
"351",4671,48732,2020-12-04 15:22:51,"0x91F804C55D2E379AF9063A5096F92B6DABDB88F5B320937933C07DC5D5EB40A1",351,"2020-12"
"352",4678,49780,2020-12-04 18:17:28,"0xA8DB42C8271D177C9FAB244C5428D2AEFF5338357C8A3F1061263BEBFC804107",352,"2020-12"
"353",4679,49780,2020-12-05 09:06:02,"0xA8DB42C8271D177C9FAB244C5428D2AEFF5338357C8A3F1061263BEBFC804107",353,"2020-12"
"354",4680,47660,2020-12-05 13:51:02,"0x2A9156F94DF057FF0F68FF74F15DB6D4C3EE379DA62648AF84E172C040AE67A5",354,"2020-12"
"355",4681,48989,2020-12-05 15:07:33,"0xE03A7A3CCAE1D7D3EC3D28921B638F9E43316813F285290B983C920AD44B688A",355,"2020-12"
"356",4682,48989,2020-12-05 16:53:00,"0x3E238E63A3BA25A07440170441E9AF11737C578E92D4F679DFE92F2303F3FD1D",356,"2020-12"
"357",4685,49990,2020-12-06 04:02:22,"0x32AA1BA3126B4C499F54A0AD398A371DA316A7ECAC46799E5B75EA82F88E73C4",357,"2020-12"
"358",4686,49990,2020-12-06 04:02:44,"0x32AA1BA3126B4C499F54A0AD398A371DA316A7ECAC46799E5B75EA82F88E73C4",358,"2020-12"
"359",4697,48785,2020-12-07 07:22:57,"0x1DF150ABD08E07CAAAEC300EBBC9BA588B71FB8369AF8F4530D03C031330F137",359,"2020-12"
"360",4698,48785,2020-12-07 07:26:34,"0x91C3606B61CCD968A32174568929865A72936BC70333FD863DF6ED17ED4CB3AB",360,"2020-12"
"361",4700,49912,2020-12-07 07:34:21,"0xA94EC7D13B7178EA478BCC090BCA80C483454060365ABF407CCF540DA77F9CE4",361,"2020-12"
"362",4706,49879,2020-12-07 08:14:24,"0x7C921E0CDC8D867B81258A3AE4AC1F2B43270A446A867D281D5EBA10C353B0DA",362,"2020-12"
"363",4708,48418,2020-12-07 08:21:06,"0x2FEBDFE67FCC6426E4DFABFAA9E7D3C575D2D4961529EEB168350D1E76FB309D",363,"2020-12"
"364",4709,48047,2020-12-07 08:21:13,"0x634B4678EE09397DDF9FF0D28F4178279D232B137C2725A9A61DB41B65104E76",364,"2020-12"
"365",4715,48124,2020-12-07 09:30:01,"0x8BDB884F8302EFC9B4792E98071EEC7BE79C1EDA4756C2D5D34CEB24EB1596C9",365,"2020-12"
"366",4724,48735,2020-12-07 12:32:27,"0x8E499AC23BCB2C32F6DC10398DFBA55A839BDB69455CB28427E280A889A19CCA",366,"2020-12"
"367",4727,49979,2020-12-07 15:09:48,"0x3AFE1F5E3D937A3CB343007D0F257BDC16FE6047D5C71D20ACE06805C2EF031B",367,"2020-12"
"368",4735,48785,2020-12-08 07:17:35,"0x1DF150ABD08E07CAAAEC300EBBC9BA588B71FB8369AF8F4530D03C031330F137",368,"2020-12"
"369",4747,48121,2020-12-08 10:29:58,"0x456F8DA07E4514A9204F0EE22CA4EFC1CF231D5F2C2CADF3E39D99B2F73D0303",369,"2020-12"
"370",4748,48121,2020-12-08 10:30:43,"0x27FA33F0154C58639A5D45D18698AB49FF59B35CBFAD31C7134C74D0C6703B12",370,"2020-12"
"371",4749,48121,2020-12-08 10:30:51,"0x456F8DA07E4514A9204F0EE22CA4EFC1CF231D5F2C2CADF3E39D99B2F73D0303",371,"2020-12"
"372",4754,48737,2020-12-08 14:13:15,"0xD23C2DD08DFA23014337E991ACF60149170D0556352EA1E4299060DB36833DF5",372,"2020-12"
"373",4756,48418,2020-12-08 16:35:56,"0x9E9D2FFA81A8C9671AEBBE7E6E3001371834AC3AEE90835A431FA85B70F0DBB3",373,"2020-12"
"374",4757,48737,2020-12-08 16:39:38,"0x9F8B812D65005453765B940CDF07BBB93225EF191BB744A043E05001BA8B0160",374,"2020-12"
"375",4759,48172,2020-12-08 17:46:12,"0x3D8617A496C27B389A3688D248E9AA5296180C6D63106CDB169D3C593CD2E9B0",375,"2020-12"
"376",4760,48989,2020-12-08 18:17:55,"0xE03A7A3CCAE1D7D3EC3D28921B638F9E43316813F285290B983C920AD44B688A",376,"2020-12"
"377",4765,48989,2020-12-08 22:19:55,"0x3E238E63A3BA25A07440170441E9AF11737C578E92D4F679DFE92F2303F3FD1D",377,"2020-12"
"378",4774,48003,2020-12-09 10:14:28,"0x45E91AA786944487CA736FF8CDD7FD39BD2BA64C74A718A7951BB128A3F22229",378,"2020-12"
"379",4779,48418,2020-12-09 13:05:40,"0x2FEBDFE67FCC6426E4DFABFAA9E7D3C575D2D4961529EEB168350D1E76FB309D",379,"2020-12"
"380",4787,48590,2020-12-09 14:55:28,"0x0CFCE67410DE9075A991DB95C85C3318B39B4437F8E476E972426F992ECC0632",380,"2020-12"
"381",4788,48590,2020-12-09 14:56:43,"0x03F3BFF61D0991C2A2E97963661423856A3881B108B394B9CAD487222752F028",381,"2020-12"
"382",4790,47686,2020-12-09 17:12:13,"0x9BEA4DC42D4F66FF94C0D4846E4FBE7A47DCD79C536A3E764870636FCA2DC40C",382,"2020-12"
"383",4792,48172,2020-12-09 18:58:30,"0x64E87C73C29FC98891DCE4D471C4FBAE1CA84478037133EF64CB0DA906478358",383,"2020-12"
"384",4797,48785,2020-12-10 07:24:01,"0x91C3606B61CCD968A32174568929865A72936BC70333FD863DF6ED17ED4CB3AB",384,"2020-12"
"385",4803,49896,2020-12-10 08:16:39,"0x885C9CDD02EE26879EBD64198761FD4CCE564BC8873A8C43588CB6C7CA924E9C",385,"2020-12"
"386",4808,48590,2020-12-10 09:40:14,"0x515C3E47C0FC7AC38D7C52200CCB0C6968FD4B6ACE2BE6E7AF329896E1B1B38C",386,"2020-12"
"387",4812,48003,2020-12-10 10:26:29,"0x1CD64BD1B1E649F41BC3130260E97730E9D929CFA002E1BF3068016AF1FB7501",387,"2020-12"
"388",4824,48735,2020-12-10 15:14:27,"0x8E3DDEBF50AC493761797B05C220F6A96F6A61C751E38798F6C4D2A0552EF77A",388,"2020-12"
"389",4826,48124,2020-12-10 16:49:11,"0x369480DE9F1DA96C1A3E361357A3738181916C9E2285B08D73BA612370BB25FF",389,"2020-12"
"390",4827,48124,2020-12-10 16:49:22,"0x8BDB884F8302EFC9B4792E98071EEC7BE79C1EDA4756C2D5D34CEB24EB1596C9",390,"2020-12"
"391",4831,47686,2020-12-10 19:17:45,"0x7852DFD60E04EA0990328F896E7602FBBBF9FCBB6A6F28BD6A311419585BF3BE",391,"2020-12"
"392",4837,48785,2020-12-11 07:48:26,"0x1DF150ABD08E07CAAAEC300EBBC9BA588B71FB8369AF8F4530D03C031330F137",392,"2020-12"
"393",4871,48070,2020-12-11 17:05:52,"0x76D90AA6E6190252C48405B080F6B088D6D6D95A128B272A9DF86810B3B50C94",393,"2020-12"
"394",4877,47660,2020-12-13 18:22:30,"0x8115CF4409D74708FF6F77248432F707C2B74D78C2E80D17EBAB5245DBDF913D",394,"2020-12"
"395",4880,48785,2020-12-14 07:29:27,"0x91C3606B61CCD968A32174568929865A72936BC70333FD863DF6ED17ED4CB3AB",395,"2020-12"
"396",4902,48549,2020-12-14 12:53:01,"0xCCD40CCB26F9CDE6AB4E923055ABBA913CA0CA30F81A78FBE15D554905E61D53",396,"2020-12"
"397",4907,48735,2020-12-14 16:11:26,"0x8E499AC23BCB2C32F6DC10398DFBA55A839BDB69455CB28427E280A889A19CCA",397,"2020-12"
"398",4912,47660,2020-12-15 08:05:35,"0x36048AA1039E6216BAD7EB2B6374EBAEEA3A0CC75781C67711B59B65E87BD8F8",398,"2020-12"
"399",4923,49896,2020-12-15 09:38:14,"0x6EBA45BBC1B1C2DB1CD2C356EE952CEC64BCE955E0C6D0263C7A7F89E84C062D",399,"2020-12"
"400",4924,49929,2020-12-15 12:48:08,"0xFA14589E804D9E1EB8FA78CF89457C0DCB0B04158E3BD9159151D35B37C0876C",400,"2020-12"
"401",8781,48121,2021-05-07 07:16:35,"0x456F8DA07E4514A9204F0EE22CA4EFC1CF231D5F2C2CADF3E39D99B2F73D0303",401,"2021-05"
"402",7925,48130,2021-04-13 06:27:48,"0x466569C6744536A41DFA506ABF30590E054A301C698B1EDD116B5FD26EE73AF3",402,"2021-04"
"403",8782,48121,2021-05-07 07:16:42,"0x27FA33F0154C58639A5D45D18698AB49FF59B35CBFAD31C7134C74D0C6703B12",403,"2021-05"
"404",8787,48073,2021-05-07 08:05:20,"0xB1C0708EB86ED499B9CF8DE927825E5AECAE6A26496B20F364AFD94FEFA7DA9E",404,"2021-05"
"405",8806,62527,2021-05-07 10:02:01,"0x875501B6EE3C16461B845A3A68D66ED03805908E5F74EB42A3B3D2D718746B14",405,"2021-05"
"406",7929,48121,2021-04-13 07:07:42,"0x27FA33F0154C58639A5D45D18698AB49FF59B35CBFAD31C7134C74D0C6703B12",406,"2021-04"
"407",8825,48089,2021-05-07 14:00:06,"0x2E85C1E9BE43A041D797FE2381BB97A39C86178605F853CF71B1EF90A8722C79",407,"2021-05"
"408",7935,48172,2021-04-13 07:45:11,"0xDF43E4453EFF0D27BA7CF4AEB67BBAD3994A82AFA07EF46F6CE65A415C022CB5",408,"2021-04"
"409",8831,61831,2021-05-07 16:31:58,"0x3CBFA891F83B6084D99EF8999E26823C5710C34F32305A1B4217B929D679A37F",409,"2021-05"
"410",7940,48047,2021-04-13 07:53:37,"0xB041D6D948C8AF8421E5B6B43D42AC763C1BFFD4375D541D0BE642607544103B",410,"2021-04"
"411",8832,61831,2021-05-07 16:32:01,"0x8E499AC23BCB2C32F6DC10398DFBA55A839BDB69455CB28427E280A889A19CCA",411,"2021-05"
"412",7941,59878,2021-04-13 08:05:44,"0x6EBA45BBC1B1C2DB1CD2C356EE952CEC64BCE955E0C6D0263C7A7F89E84C062D",412,"2021-04"
"413",8859,48121,2021-05-10 07:18:59,"0x456F8DA07E4514A9204F0EE22CA4EFC1CF231D5F2C2CADF3E39D99B2F73D0303",413,"2021-05"
"414",7945,48549,2021-04-13 08:14:37,"0xB5CDC0105CE156F942B860CB607E9C6D9D389A14380D80F0892066D81D1F1F2F",414,"2021-04"
"415",8860,48121,2021-05-10 07:19:18,"0x27FA33F0154C58639A5D45D18698AB49FF59B35CBFAD31C7134C74D0C6703B12",415,"2021-05"
"416",7956,48172,2021-04-13 12:27:47,"0x3D8617A496C27B389A3688D248E9AA5296180C6D63106CDB169D3C593CD2E9B0",416,"2021-04"
"417",8865,61864,2021-05-10 07:37:01,"0x5968242953ACCD6EE96DD992918F79FF6238ABC21060ED701A2C1BA1224BB2EE",417,"2021-05"
"418",7995,59878,2021-04-14 08:21:33,"0x885C9CDD02EE26879EBD64198761FD4CCE564BC8873A8C43588CB6C7CA924E9C",418,"2021-04"
"419",8866,61864,2021-05-10 07:37:05,"0x91C3606B61CCD968A32174568929865A72936BC70333FD863DF6ED17ED4CB3AB",419,"2021-05"
"420",7996,59878,2021-04-14 08:21:38,"0x885C9CDD02EE26879EBD64198761FD4CCE564BC8873A8C43588CB6C7CA924E9C",420,"2021-04"
"421",8378,50060,2021-04-26 07:14:59,"0xCF34F70F75047213E9CD0559891FFCE656BBBBABDE4ADA0D1697A157C941E6B8",421,"2021-04"
"422",8869,48516,2021-05-10 07:50:45,"0x84DBB852222147A84D3F9A48C35BB3B4C0EA0BB9E579381FDC2A8ABACC63FF83",422,"2021-05"
"423",8899,48070,2021-05-10 21:57:52,"0x76D90AA6E6190252C48405B080F6B088D6D6D95A128B272A9DF86810B3B50C94",423,"2021-05"
"424",8900,62561,2021-05-11 06:13:30,"0xD6C10ED8A44BC417A1788FB672EC161435AAF26B3229C98D8BD86E959EB4487D",424,"2021-05"
"425",8904,63288,2021-05-11 07:22:52,"0x3FE03CA39ADA61FF07FD4587DD72906E7EBC8220C5570E39D8CF4E724FF16FBE",425,"2021-05"
"426",8906,48121,2021-05-11 07:34:39,"0x456F8DA07E4514A9204F0EE22CA4EFC1CF231D5F2C2CADF3E39D99B2F73D0303",426,"2021-05"
"427",8912,62602,2021-05-11 08:24:33,"0x885C9CDD02EE26879EBD64198761FD4CCE564BC8873A8C43588CB6C7CA924E9C",427,"2021-05"
"428",8954,62602,2021-05-12 08:21:20,"0x6EBA45BBC1B1C2DB1CD2C356EE952CEC64BCE955E0C6D0263C7A7F89E84C062D",428,"2021-05"
"429",8977,48121,2021-05-13 07:06:04,"0x27FA33F0154C58639A5D45D18698AB49FF59B35CBFAD31C7134C74D0C6703B12",429,"2021-05"
"430",8978,61864,2021-05-13 07:08:38,"0x91C3606B61CCD968A32174568929865A72936BC70333FD863DF6ED17ED4CB3AB",430,"2021-05"
"431",9020,63288,2021-05-13 15:53:02,"0x6A6E8324833DBCDA2B952AD6B1043D799D38451DE5695492A78BED211444B566",431,"2021-05"
"432",9038,47674,2021-05-14 07:47:53,"0xA536C6FA2860D0E96533C7CA3A30BAFA586FCD08303FE813C4E78C419956FFB8",432,"2021-05"
"433",9040,48047,2021-05-14 08:04:23,"0xB041D6D948C8AF8421E5B6B43D42AC763C1BFFD4375D541D0BE642607544103B",433,"2021-05"
"434",9056,47708,2021-05-14 10:37:55,"0x0B8218F4144BCDB6DE2733AFBE510E79A9B5E4AE4D35A7C61F59D6B2F7D7FEAE",434,"2021-05"
"435",9057,47708,2021-05-14 10:41:08,"0x01A01332741F4C9978A4F3FAF3EB682B440D12FF02C8641D63AD27A631DBEA05",435,"2021-05"
"436",9110,50060,2021-05-15 10:08:03,"0x45CDB4F9B8DA5A3B876CA310457871F4B6009B0BC1A6DD1A19623DFBD2673A2B",436,"2021-05"
"437",9128,48139,2021-05-17 06:59:48,"0xFED5EEB0A020786E32D7A152DD504233643B00B66733EF0A3AC0FFF249DC78A1",437,"2021-05"
"438",9129,48121,2021-05-17 07:17:48,"0x456F8DA07E4514A9204F0EE22CA4EFC1CF231D5F2C2CADF3E39D99B2F73D0303",438,"2021-05"
"439",9130,61864,2021-05-17 07:24:24,"0x5968242953ACCD6EE96DD992918F79FF6238ABC21060ED701A2C1BA1224BB2EE",439,"2021-05"
"440",9132,47674,2021-05-17 07:39:53,"0x4E2F5ED44C99292987F1BB3C93E080BBF16F98588B71C64DFC0E06FEBD09A41D",440,"2021-05"
"441",9136,48047,2021-05-17 07:48:44,"0x634B4678EE09397DDF9FF0D28F4178279D232B137C2725A9A61DB41B65104E76",441,"2021-05"
"442",9139,48172,2021-05-17 07:57:30,"0xDF43E4453EFF0D27BA7CF4AEB67BBAD3994A82AFA07EF46F6CE65A415C022CB5",442,"2021-05"
"443",9142,62602,2021-05-17 08:21:31,"0x885C9CDD02EE26879EBD64198761FD4CCE564BC8873A8C43588CB6C7CA924E9C",443,"2021-05"
"444",9143,62726,2021-05-17 08:37:58,"0x04CDC8AE2A57873E8166A46A5FBB1612122197DB5A95B5F8E8A7C3181494B0B5",444,"2021-05"
"445",9147,47665,2021-05-17 09:07:18,"0xC9A4A094B09657C729E50405E5BDA8F61C35B28535B6CAA8D137F5D2940F9146",445,"2021-05"
"446",9148,47665,2021-05-17 09:07:53,"0xC9A4A094B09657C729E50405E5BDA8F61C35B28535B6CAA8D137F5D2940F9146",446,"2021-05"
"447",9149,47665,2021-05-17 09:08:25,"0xC9A4A094B09657C729E50405E5BDA8F61C35B28535B6CAA8D137F5D2940F9146",447,"2021-05"
"448",9186,62602,2021-05-17 13:22:08,"0x6EBA45BBC1B1C2DB1CD2C356EE952CEC64BCE955E0C6D0263C7A7F89E84C062D",448,"2021-05"
"449",9217,48121,2021-05-18 06:58:16,"0x27FA33F0154C58639A5D45D18698AB49FF59B35CBFAD31C7134C74D0C6703B12",449,"2021-05"
"450",9218,48121,2021-05-18 06:58:23,"0x456F8DA07E4514A9204F0EE22CA4EFC1CF231D5F2C2CADF3E39D99B2F73D0303",450,"2021-05"
"451",9220,47665,2021-05-18 07:45:03,"0xADC925F6CD479BC644B7F4C77B763B1992972677520F2B3044CE3437D8A383F5",451,"2021-05"
"452",9223,48139,2021-05-18 08:03:34,"0xAF7170A09787299BDC6A531387FD25E1607A8B1B1E296D5C473CEB97BF381EE5",452,"2021-05"
"453",9224,48172,2021-05-18 08:07:15,"0x3D8617A496C27B389A3688D248E9AA5296180C6D63106CDB169D3C593CD2E9B0",453,"2021-05"
"454",9227,62602,2021-05-18 08:18:01,"0x885C9CDD02EE26879EBD64198761FD4CCE564BC8873A8C43588CB6C7CA924E9C",454,"2021-05"
"455",9280,48121,2021-05-19 07:21:53,"0x27FA33F0154C58639A5D45D18698AB49FF59B35CBFAD31C7134C74D0C6703B12",455,"2021-05"
"456",9287,63288,2021-05-19 07:45:24,"0x6A6E8324833DBCDA2B952AD6B1043D799D38451DE5695492A78BED211444B566",456,"2021-05"
"457",9288,47674,2021-05-19 07:46:14,"0xA536C6FA2860D0E96533C7CA3A30BAFA586FCD08303FE813C4E78C419956FFB8",457,"2021-05"
"458",9293,62602,2021-05-19 08:22:55,"0x6EBA45BBC1B1C2DB1CD2C356EE952CEC64BCE955E0C6D0263C7A7F89E84C062D",458,"2021-05"
"459",9309,47708,2021-05-19 13:52:19,"0x0B8218F4144BCDB6DE2733AFBE510E79A9B5E4AE4D35A7C61F59D6B2F7D7FEAE",459,"2021-05"
"460",9330,48121,2021-05-20 07:17:11,"0x456F8DA07E4514A9204F0EE22CA4EFC1CF231D5F2C2CADF3E39D99B2F73D0303",460,"2021-05"
"461",9331,61864,2021-05-20 07:19:19,"0x91C3606B61CCD968A32174568929865A72936BC70333FD863DF6ED17ED4CB3AB",461,"2021-05"
"462",9334,47674,2021-05-20 07:52:07,"0x4E2F5ED44C99292987F1BB3C93E080BBF16F98588B71C64DFC0E06FEBD09A41D",462,"2021-05"
"463",9335,62587,2021-05-20 07:58:37,"0x4A8BCDF082C08CF77B7E83BBF32A31E663FC6B71A736FAEE01B366FD02F2814B",463,"2021-05"
"464",9350,64911,2021-05-20 09:49:46,"0x7251610619EF79DF1102CFE7D9A8419EBDA2810EE09724B98DDA8769DE5691F7",464,"2021-05"
"465",8011,58858,2021-04-14 11:40:48,"0xE03A7A3CCAE1D7D3EC3D28921B638F9E43316813F285290B983C920AD44B688A",465,"2021-04"
"466",8022,58858,2021-04-14 21:08:35,"0x3E238E63A3BA25A07440170441E9AF11737C578E92D4F679DFE92F2303F3FD1D",466,"2021-04"
"467",8035,48496,2021-04-15 08:19:37,"0xF343620C447212644A672CEC87EFC4B5FA0A373926BB19EFF43F38BEE1CF8F4C",467,"2021-04"
"468",8038,48089,2021-04-15 08:31:41,"0xC3B0E8639B3F36AB2C76242E077A7AAB2208BC19AB97EF328528C394BFE7FB63",468,"2021-04"
"469",8041,59054,2021-04-15 09:15:32,"0x3CBFA891F83B6084D99EF8999E26823C5710C34F32305A1B4217B929D679A37F",469,"2021-04"
"470",8079,48124,2021-04-15 16:23:45,"0x8E3DDEBF50AC493761797B05C220F6A96F6A61C751E38798F6C4D2A0552EF77A",470,"2021-04"
"471",8081,59932,2021-04-15 17:33:44,"0x39AF8673A8ADF4F99AEE765AAFE395C0C7F5ED21CDEC7E749EE0C245AF36A623",471,"2021-04"
"472",8085,59900,2021-04-15 19:28:01,"0x84BE341065EE9F3F3266FEBBABE7505499DCE68FC19E3A20867D03C5A8FF32C7",472,"2021-04"
"473",8087,59815,2021-04-16 00:07:35,"0x485E614D441EFFB35B2C3DF109300BF8F6A3F44CC20B1C648521BAD597EAC652",473,"2021-04"
"474",8092,59878,2021-04-16 08:00:24,"0x6EBA45BBC1B1C2DB1CD2C356EE952CEC64BCE955E0C6D0263C7A7F89E84C062D",474,"2021-04"
"475",8106,48047,2021-04-16 09:33:06,"0x634B4678EE09397DDF9FF0D28F4178279D232B137C2725A9A61DB41B65104E76",475,"2021-04"
"476",8119,48496,2021-04-16 15:12:59,"0xA1843E543D25DD5FEF30B50BD3D9F77F36E4364CF277FDB6EF6BD1BBD7DB63E4",476,"2021-04"
"477",8121,59815,2021-04-16 15:54:50,"0x570603D83963F6660F9CA6A9859E2776E3D898FBB50BA741E3A6C79F2E53B7E3",477,"2021-04"
"478",8127,59056,2021-04-18 15:37:11,"0xD23C2DD08DFA23014337E991ACF60149170D0556352EA1E4299060DB36833DF5",478,"2021-04"
"479",8140,48047,2021-04-19 08:11:21,"0xB041D6D948C8AF8421E5B6B43D42AC763C1BFFD4375D541D0BE642607544103B",479,"2021-04"
"480",8142,59878,2021-04-19 08:15:54,"0x885C9CDD02EE26879EBD64198761FD4CCE564BC8873A8C43588CB6C7CA924E9C",480,"2021-04"
"481",8147,48089,2021-04-19 08:42:07,"0x082F979412F7A057C605713F6DB9DE56EAADAC26ACE4A86F3816250D2C6B89E6",481,"2021-04"
"482",8163,48124,2021-04-19 15:21:19,"0x8BDB884F8302EFC9B4792E98071EEC7BE79C1EDA4756C2D5D34CEB24EB1596C9",482,"2021-04"
"483",8167,59853,2021-04-19 15:56:13,"0x05F54116DFDA9C2911ABD6C043FEA0506BFC97675C1EC2617F59941224CF455A",483,"2021-04"
"484",8168,60093,2021-04-19 16:25:01,"0x16169640209FE4481CBB7E8E1EFC168984E4F0C9F69131CF086E54D266763370",484,"2021-04"
"485",8176,58787,2021-04-19 19:46:47,"0x90B60263920B46BC33838EF0BF21563F26B4C978152C0BF5CAE9181E6DE82E14",485,"2021-04"
"486",8179,59783,2021-04-20 04:59:50,"0xA8DB42C8271D177C9FAB244C5428D2AEFF5338357C8A3F1061263BEBFC804107",486,"2021-04"
"487",8180,59783,2021-04-20 05:03:30,"0x5E4EAE532BA6B6E00A976FCE3DB76B22A73B87A3D601E07CBC5473935F3B5621",487,"2021-04"
"488",8186,59878,2021-04-20 07:57:33,"0x6EBA45BBC1B1C2DB1CD2C356EE952CEC64BCE955E0C6D0263C7A7F89E84C062D",488,"2021-04"
"489",8189,60542,2021-04-20 08:09:18,"0x3363FC31B6B60602E0BDE26F8507E458F4893310DF35919A98B81FA88BB110CF",489,"2021-04"
"490",8194,48072,2021-04-20 08:14:36,"0xEAFC81161520FACD38A978174AECB7A27C7609C1835FCF05A1D267954AAD899A",490,"2021-04"
"491",8205,59054,2021-04-20 10:27:34,"0x8E499AC23BCB2C32F6DC10398DFBA55A839BDB69455CB28427E280A889A19CCA",491,"2021-04"
"492",8224,48124,2021-04-20 16:03:00,"0x8BDB884F8302EFC9B4792E98071EEC7BE79C1EDA4756C2D5D34CEB24EB1596C9",492,"2021-04"
"493",8225,48124,2021-04-20 16:03:14,"0x369480DE9F1DA96C1A3E361357A3738181916C9E2285B08D73BA612370BB25FF",493,"2021-04"
"494",8236,48121,2021-04-21 07:16:46,"0x456F8DA07E4514A9204F0EE22CA4EFC1CF231D5F2C2CADF3E39D99B2F73D0303",494,"2021-04"
"495",8242,48047,2021-04-21 08:07:22,"0x634B4678EE09397DDF9FF0D28F4178279D232B137C2725A9A61DB41B65104E76",495,"2021-04"
"496",8243,59878,2021-04-21 08:19:12,"0x885C9CDD02EE26879EBD64198761FD4CCE564BC8873A8C43588CB6C7CA924E9C",496,"2021-04"
"497",8247,60542,2021-04-21 08:53:12,"0x89A68BA03D3FF4BBD9534F7C55EE1C499CDC1D6C0EB5D7BFCAD3B4215CC31BAF",497,"2021-04"
"498",8278,59054,2021-04-21 17:02:59,"0xBE52F8FA975E31055780B5CDD1CF193E3D465E46CDCCF01CD84356979D0F16E2",498,"2021-04"
"499",8283,48124,2021-04-21 20:25:11,"0x369480DE9F1DA96C1A3E361357A3738181916C9E2285B08D73BA612370BB25FF",499,"2021-04"
"500",8300,48047,2021-04-22 07:59:35,"0xB041D6D948C8AF8421E5B6B43D42AC763C1BFFD4375D541D0BE642607544103B",500,"2021-04"
"501",8301,59878,2021-04-22 08:05:15,"0x6EBA45BBC1B1C2DB1CD2C356EE952CEC64BCE955E0C6D0263C7A7F89E84C062D",501,"2021-04"
"502",8382,59878,2021-04-26 08:08:22,"0x6EBA45BBC1B1C2DB1CD2C356EE952CEC64BCE955E0C6D0263C7A7F89E84C062D",502,"2021-04"
"503",8312,59970,2021-04-22 10:39:08,"0x934666703E59B988925D4281B5754D24D57596FEC67C3FAE98498BD580D2386F",503,"2021-04"
"504",8333,58952,2021-04-23 07:04:43,"0xBF79650041F80FF7914E4EF4FB59D5102125D685148F7B2556A96C765A9D328F",504,"2021-04"
"505",8334,58952,2021-04-23 07:04:59,"0xBF79650041F80FF7914E4EF4FB59D5102125D685148F7B2556A96C765A9D328F",505,"2021-04"
"506",8335,58787,2021-04-23 07:17:54,"0xB4A30604610ABEAEDB549B196F5D6A2630F5B19B1180EA80FDAA948DD91C3AE7",506,"2021-04"
"507",8347,59878,2021-04-23 08:18:45,"0x885C9CDD02EE26879EBD64198761FD4CCE564BC8873A8C43588CB6C7CA924E9C",507,"2021-04"
"508",8357,59056,2021-04-23 14:54:57,"0x9F8B812D65005453765B940CDF07BBB93225EF191BB744A043E05001BA8B0160",508,"2021-04"
"509",8367,59088,2021-04-25 17:20:30,"0x5968242953ACCD6EE96DD992918F79FF6238ABC21060ED701A2C1BA1224BB2EE",509,"2021-04"
"510",8370,48073,2021-04-25 22:22:58,"0xB1C0708EB86ED499B9CF8DE927825E5AECAE6A26496B20F364AFD94FEFA7DA9E",510,"2021-04"
"511",10426,48047,2021-06-08 07:47:35,"0xB041D6D948C8AF8421E5B6B43D42AC763C1BFFD4375D541D0BE642607544103B",511,"2021-06"
"512",10428,66683,2021-06-08 07:51:03,"0xD23C2DD08DFA23014337E991ACF60149170D0556352EA1E4299060DB36833DF5",512,"2021-06"
"513",8411,59056,2021-04-26 13:08:23,"0xD23C2DD08DFA23014337E991ACF60149170D0556352EA1E4299060DB36833DF5",513,"2021-04"
"514",10435,66681,2021-06-08 08:28:24,"0x8E499AC23BCB2C32F6DC10398DFBA55A839BDB69455CB28427E280A889A19CCA",514,"2021-06"
"515",8413,59054,2021-04-26 15:28:23,"0x8E499AC23BCB2C32F6DC10398DFBA55A839BDB69455CB28427E280A889A19CCA",515,"2021-04"
"516",10443,48070,2021-06-08 09:32:04,"0x76D90AA6E6190252C48405B080F6B088D6D6D95A128B272A9DF86810B3B50C94",516,"2021-06"
"517",8415,48124,2021-04-26 16:24:48,"0x8BDB884F8302EFC9B4792E98071EEC7BE79C1EDA4756C2D5D34CEB24EB1596C9",517,"2021-04"
"518",10450,67367,2021-06-08 10:08:07,"0x570603D83963F6660F9CA6A9859E2776E3D898FBB50BA741E3A6C79F2E53B7E3",518,"2021-06"
"519",8419,50060,2021-04-26 17:24:54,"0xF758D0BE00B35507660DD560C43DE640A1F1018921D899E1032A9E4C8906E41D",519,"2021-04"
"520",10451,67335,2021-06-08 10:08:19,"0x7FE324C7E7A28C434C633D67DDF0D4FF1AD0753E86B8B92282194607E9EF8EED",520,"2021-06"
"521",8426,59783,2021-04-27 05:21:17,"0x7FE324C7E7A28C434C633D67DDF0D4FF1AD0753E86B8B92282194607E9EF8EED",521,"2021-04"
"522",10473,66681,2021-06-08 15:18:27,"0xBE52F8FA975E31055780B5CDD1CF193E3D465E46CDCCF01CD84356979D0F16E2",522,"2021-06"
"523",8433,50060,2021-04-27 07:35:09,"0x45CDB4F9B8DA5A3B876CA310457871F4B6009B0BC1A6DD1A19623DFBD2673A2B",523,"2021-04"
"524",10484,66683,2021-06-08 17:04:10,"0x9F8B812D65005453765B940CDF07BBB93225EF191BB744A043E05001BA8B0160",524,"2021-06"
"525",8438,48073,2021-04-27 08:21:39,"0xEAFC81161520FACD38A978174AECB7A27C7609C1835FCF05A1D267954AAD899A",525,"2021-04"
"526",10501,67371,2021-06-08 22:09:47,"0xDFA9D42EFACCB0D8DD8F4941A5C8EDC0C5794990F58F393CDDDC2D9A95D82C01",526,"2021-06"
"527",8458,48124,2021-04-27 21:33:47,"0x369480DE9F1DA96C1A3E361357A3738181916C9E2285B08D73BA612370BB25FF",527,"2021-04"
"528",10502,67371,2021-06-08 22:11:41,"0xDFA9D42EFACCB0D8DD8F4941A5C8EDC0C5794990F58F393CDDDC2D9A95D82C01",528,"2021-06"
"529",8461,59783,2021-04-28 05:13:15,"0x7FE324C7E7A28C434C633D67DDF0D4FF1AD0753E86B8B92282194607E9EF8EED",529,"2021-04"
"530",10504,67512,2021-06-09 06:25:29,"0x32AA1BA3126B4C499F54A0AD398A371DA316A7ECAC46799E5B75EA82F88E73C4",530,"2021-06"
"531",8471,48072,2021-04-28 08:08:01,"0xB1C0708EB86ED499B9CF8DE927825E5AECAE6A26496B20F364AFD94FEFA7DA9E",531,"2021-04"
"532",10510,48047,2021-06-09 07:58:11,"0x634B4678EE09397DDF9FF0D28F4178279D232B137C2725A9A61DB41B65104E76",532,"2021-06"
"533",8472,59878,2021-04-28 08:11:15,"0x885C9CDD02EE26879EBD64198761FD4CCE564BC8873A8C43588CB6C7CA924E9C",533,"2021-04"
"534",10511,67411,2021-06-09 08:06:48,"0x4A8BCDF082C08CF77B7E83BBF32A31E663FC6B71A736FAEE01B366FD02F2814B",534,"2021-06"
"535",8478,48124,2021-04-28 08:58:29,"0x8BDB884F8302EFC9B4792E98071EEC7BE79C1EDA4756C2D5D34CEB24EB1596C9",535,"2021-04"
"536",10516,66681,2021-06-09 08:28:23,"0x8E499AC23BCB2C32F6DC10398DFBA55A839BDB69455CB28427E280A889A19CCA",536,"2021-06"
"537",8479,48124,2021-04-28 08:58:53,"0x3CBFA891F83B6084D99EF8999E26823C5710C34F32305A1B4217B929D679A37F",537,"2021-04"
"538",8481,48121,2021-04-28 10:44:54,"0x27FA33F0154C58639A5D45D18698AB49FF59B35CBFAD31C7134C74D0C6703B12",538,"2021-04"
"539",8514,59088,2021-04-29 07:30:22,"0x91C3606B61CCD968A32174568929865A72936BC70333FD863DF6ED17ED4CB3AB",539,"2021-04"
"540",8515,47674,2021-04-29 07:45:37,"0xA536C6FA2860D0E96533C7CA3A30BAFA586FCD08303FE813C4E78C419956FFB8",540,"2021-04"
"541",8517,48047,2021-04-29 08:08:47,"0x634B4678EE09397DDF9FF0D28F4178279D232B137C2725A9A61DB41B65104E76",541,"2021-04"
"542",8526,59054,2021-04-29 13:54:23,"0x8E3DDEBF50AC493761797B05C220F6A96F6A61C751E38798F6C4D2A0552EF77A",542,"2021-04"
"543",8552,59088,2021-04-30 06:46:34,"0x5968242953ACCD6EE96DD992918F79FF6238ABC21060ED701A2C1BA1224BB2EE",543,"2021-04"
"544",8559,48047,2021-04-30 08:08:29,"0xB041D6D948C8AF8421E5B6B43D42AC763C1BFFD4375D541D0BE642607544103B",544,"2021-04"
"545",8566,47674,2021-04-30 08:46:24,"0x4E2F5ED44C99292987F1BB3C93E080BBF16F98588B71C64DFC0E06FEBD09A41D",545,"2021-04"
"546",8568,48072,2021-04-30 09:12:22,"0xEAFC81161520FACD38A978174AECB7A27C7609C1835FCF05A1D267954AAD899A",546,"2021-04"
"547",8570,59892,2021-04-30 09:35:06,"0xA90BA60C2F5E5CCEF2A8914D646CF45F202368F49A2EC3634E66195C0D31B30A",547,"2021-04"
"548",8592,48124,2021-04-30 17:22:23,"0x3CBFA891F83B6084D99EF8999E26823C5710C34F32305A1B4217B929D679A37F",548,"2021-04"
"549",8607,48073,2021-05-02 22:41:11,"0xB1C0708EB86ED499B9CF8DE927825E5AECAE6A26496B20F364AFD94FEFA7DA9E",549,"2021-05"
"550",8611,48121,2021-05-03 07:07:10,"0x456F8DA07E4514A9204F0EE22CA4EFC1CF231D5F2C2CADF3E39D99B2F73D0303",550,"2021-05"
"551",8612,48121,2021-05-03 07:07:15,"0x27FA33F0154C58639A5D45D18698AB49FF59B35CBFAD31C7134C74D0C6703B12",551,"2021-05"
"552",8614,62510,2021-05-03 07:21:23,"0x5E4EAE532BA6B6E00A976FCE3DB76B22A73B87A3D601E07CBC5473935F3B5621",552,"2021-05"
"553",8615,62616,2021-05-03 07:29:53,"0xBF50A72502C89AC26C91B8BC6FB7A159880F453C9174487F5419F439F63CE6A6",553,"2021-05"
"554",8616,47674,2021-05-03 07:34:36,"0xA536C6FA2860D0E96533C7CA3A30BAFA586FCD08303FE813C4E78C419956FFB8",554,"2021-05"
"555",8626,62602,2021-05-03 09:05:40,"0x6EBA45BBC1B1C2DB1CD2C356EE952CEC64BCE955E0C6D0263C7A7F89E84C062D",555,"2021-05"
"556",8642,48089,2021-05-03 12:55:12,"0xC3B0E8639B3F36AB2C76242E077A7AAB2208BC19AB97EF328528C394BFE7FB63",556,"2021-05"
"557",8671,48047,2021-05-04 08:13:46,"0x634B4678EE09397DDF9FF0D28F4178279D232B137C2725A9A61DB41B65104E76",557,"2021-05"
"558",8674,62602,2021-05-04 08:21:21,"0x885C9CDD02EE26879EBD64198761FD4CCE564BC8873A8C43588CB6C7CA924E9C",558,"2021-05"
"559",8675,48073,2021-05-04 08:23:53,"0xEAFC81161520FACD38A978174AECB7A27C7609C1835FCF05A1D267954AAD899A",559,"2021-05"
"560",8679,48070,2021-05-04 09:27:51,"0x2B4F0C937C0DDA13E555276CDE2C3D01DDD628D171D128CFD06E6D06F1096942",560,"2021-05"
"561",8680,61831,2021-05-04 09:42:51,"0x8E499AC23BCB2C32F6DC10398DFBA55A839BDB69455CB28427E280A889A19CCA",561,"2021-05"
"562",8681,61831,2021-05-04 09:42:58,"0x3CBFA891F83B6084D99EF8999E26823C5710C34F32305A1B4217B929D679A37F",562,"2021-05"
"563",8683,48124,2021-05-04 10:35:57,"0x8BDB884F8302EFC9B4792E98071EEC7BE79C1EDA4756C2D5D34CEB24EB1596C9",563,"2021-05"
"564",8708,48121,2021-05-05 07:07:14,"0x456F8DA07E4514A9204F0EE22CA4EFC1CF231D5F2C2CADF3E39D99B2F73D0303",564,"2021-05"
"565",8709,48121,2021-05-05 07:07:27,"0x27FA33F0154C58639A5D45D18698AB49FF59B35CBFAD31C7134C74D0C6703B12",565,"2021-05"
"566",8710,48121,2021-05-05 07:07:37,"0x456F8DA07E4514A9204F0EE22CA4EFC1CF231D5F2C2CADF3E39D99B2F73D0303",566,"2021-05"
"567",8712,62527,2021-05-05 07:28:22,"0xD272DCA34BBB09D44EDAE66670F04F78A8B4F3068F8281505DDC6AF89D36A1FE",567,"2021-05"
"568",8715,47674,2021-05-05 07:46:39,"0x4E2F5ED44C99292987F1BB3C93E080BBF16F98588B71C64DFC0E06FEBD09A41D",568,"2021-05"
"569",8717,48047,2021-05-05 08:08:37,"0xB041D6D948C8AF8421E5B6B43D42AC763C1BFFD4375D541D0BE642607544103B",569,"2021-05"
"570",8718,48047,2021-05-05 08:08:39,"0x634B4678EE09397DDF9FF0D28F4178279D232B137C2725A9A61DB41B65104E76",570,"2021-05"
"571",8747,61864,2021-05-06 07:33:51,"0x91C3606B61CCD968A32174568929865A72936BC70333FD863DF6ED17ED4CB3AB",571,"2021-05"
"572",8750,48047,2021-05-06 08:12:03,"0x634B4678EE09397DDF9FF0D28F4178279D232B137C2725A9A61DB41B65104E76",572,"2021-05"
"573",8754,61833,2021-05-06 09:06:59,"0x9F8B812D65005453765B940CDF07BBB93225EF191BB744A043E05001BA8B0160",573,"2021-05"
"574",8757,62602,2021-05-06 09:56:46,"0x6EBA45BBC1B1C2DB1CD2C356EE952CEC64BCE955E0C6D0263C7A7F89E84C062D",574,"2021-05"
"575",8770,48124,2021-05-06 14:58:20,"0x8E3DDEBF50AC493761797B05C220F6A96F6A61C751E38798F6C4D2A0552EF77A",575,"2021-05"
"576",8780,48121,2021-05-07 07:16:07,"0x27FA33F0154C58639A5D45D18698AB49FF59B35CBFAD31C7134C74D0C6703B12",576,"2021-05"
"577",9394,48124,2021-05-20 21:49:30,"0x8BDB884F8302EFC9B4792E98071EEC7BE79C1EDA4756C2D5D34CEB24EB1596C9",577,"2021-05"
"578",11830,72018,2021-07-06 16:16:12,"0xDFA9D42EFACCB0D8DD8F4941A5C8EDC0C5794990F58F393CDDDC2D9A95D82C01",578,"2021-07"
"579",10519,66310,2021-06-09 09:26:09,"0xA40C5492475055C4D68D8C8206062D6815DD4003E3C823C24F47553FD4C8AECC",579,"2021-06"
"580",9401,48121,2021-05-21 07:43:51,"0x27FA33F0154C58639A5D45D18698AB49FF59B35CBFAD31C7134C74D0C6703B12",580,"2021-05"
"581",11833,48124,2021-07-06 18:16:08,"0x369480DE9F1DA96C1A3E361357A3738181916C9E2285B08D73BA612370BB25FF",581,"2021-07"
"582",10547,48124,2021-06-09 14:52:16,"0x8BDB884F8302EFC9B4792E98071EEC7BE79C1EDA4756C2D5D34CEB24EB1596C9",582,"2021-06"
"583",9402,48121,2021-05-21 07:43:58,"0x456F8DA07E4514A9204F0EE22CA4EFC1CF231D5F2C2CADF3E39D99B2F73D0303",583,"2021-05"
"584",11843,48124,2021-07-07 07:32:02,"0x8BDB884F8302EFC9B4792E98071EEC7BE79C1EDA4756C2D5D34CEB24EB1596C9",584,"2021-07"
"585",10553,66681,2021-06-09 16:17:30,"0xBE52F8FA975E31055780B5CDD1CF193E3D465E46CDCCF01CD84356979D0F16E2",585,"2021-06"
"586",9439,48124,2021-05-21 14:10:36,"0x369480DE9F1DA96C1A3E361357A3738181916C9E2285B08D73BA612370BB25FF",586,"2021-05"
"587",11853,48172,2021-07-07 08:07:54,"0x3D8617A496C27B389A3688D248E9AA5296180C6D63106CDB169D3C593CD2E9B0",587,"2021-07"
"588",10567,66712,2021-06-10 07:15:24,"0x91C3606B61CCD968A32174568929865A72936BC70333FD863DF6ED17ED4CB3AB",588,"2021-06"
"589",9504,48121,2021-05-24 07:16:31,"0x27FA33F0154C58639A5D45D18698AB49FF59B35CBFAD31C7134C74D0C6703B12",589,"2021-05"
"590",11854,48047,2021-07-07 08:10:28,"0x634B4678EE09397DDF9FF0D28F4178279D232B137C2725A9A61DB41B65104E76",590,"2021-07"
"591",10571,48047,2021-06-10 07:54:57,"0xB041D6D948C8AF8421E5B6B43D42AC763C1BFFD4375D541D0BE642607544103B",591,"2021-06"
"592",9538,48121,2021-05-25 07:17:57,"0x456F8DA07E4514A9204F0EE22CA4EFC1CF231D5F2C2CADF3E39D99B2F73D0303",592,"2021-05"
"593",11881,72013,2021-07-07 15:25:57,"0x7C57298C7A853A0C818AA56EFB08356DBD2FAF10C9CDC37A95876D889FDA8E86",593,"2021-07"
"594",10576,47686,2021-06-10 08:44:15,"0x9BEA4DC42D4F66FF94C0D4846E4FBE7A47DCD79C536A3E764870636FCA2DC40C",594,"2021-06"
"595",9539,48121,2021-05-25 07:18:02,"0x27FA33F0154C58639A5D45D18698AB49FF59B35CBFAD31C7134C74D0C6703B12",595,"2021-05"
"596",11894,47686,2021-07-07 22:44:05,"0x9BEA4DC42D4F66FF94C0D4846E4FBE7A47DCD79C536A3E764870636FCA2DC40C",596,"2021-07"
"597",10580,66310,2021-06-10 09:21:02,"0x6C4D73BA275AA7D7F9BFE695F9D81803DEAEDDFE558793E4016856081766358E",597,"2021-06"
"598",9542,61864,2021-05-25 07:32:34,"0x5968242953ACCD6EE96DD992918F79FF6238ABC21060ED701A2C1BA1224BB2EE",598,"2021-05"
"599",11897,71414,2021-07-08 07:03:52,"0x91C3606B61CCD968A32174568929865A72936BC70333FD863DF6ED17ED4CB3AB",599,"2021-07"
"600",10597,48121,2021-06-10 10:34:19,"0x27FA33F0154C58639A5D45D18698AB49FF59B35CBFAD31C7134C74D0C6703B12",600,"2021-06"
"601",9550,62602,2021-05-25 08:20:24,"0x885C9CDD02EE26879EBD64198761FD4CCE564BC8873A8C43588CB6C7CA924E9C",601,"2021-05"
"602",11903,48047,2021-07-08 08:12:59,"0xB041D6D948C8AF8421E5B6B43D42AC763C1BFFD4375D541D0BE642607544103B",602,"2021-07"
"603",10609,47686,2021-06-10 13:12:49,"0x7852DFD60E04EA0990328F896E7602FBBBF9FCBB6A6F28BD6A311419585BF3BE",603,"2021-06"
"604",9555,48047,2021-05-25 08:38:17,"0xB041D6D948C8AF8421E5B6B43D42AC763C1BFFD4375D541D0BE642607544103B",604,"2021-05"
"605",11911,71383,2021-07-08 09:14:12,"0x3CBFA891F83B6084D99EF8999E26823C5710C34F32305A1B4217B929D679A37F",605,"2021-07"
"606",10658,47756,2021-06-11 09:20:56,"0x6D03BCB5196C0E866A9A83401AB38990E586B0B2C53F915AC12D1190BC7DDAF4",606,"2021-06"
"607",9556,62726,2021-05-25 08:39:31,"0x1E58EE06491FF93198BDF28904128334DFEA5F7D3DF2FACA603D77FF4FD16A64",607,"2021-05"
"608",11915,71383,2021-07-08 09:46:07,"0xBE52F8FA975E31055780B5CDD1CF193E3D465E46CDCCF01CD84356979D0F16E2",608,"2021-07"
"609",10682,50060,2021-06-11 17:26:03,"0x45CDB4F9B8DA5A3B876CA310457871F4B6009B0BC1A6DD1A19623DFBD2673A2B",609,"2021-06"
"610",9605,48124,2021-05-25 14:43:48,"0x8BDB884F8302EFC9B4792E98071EEC7BE79C1EDA4756C2D5D34CEB24EB1596C9",610,"2021-05"
"611",11917,72116,2021-07-08 09:52:33,"0x4CFF4EEF1ECA18BA17EFFD70DF1FF3E4FDB5BE02DF683A3E81D2BCEA929E5C64",611,"2021-07"
"612",10726,67335,2021-06-14 05:35:36,"0x5E4EAE532BA6B6E00A976FCE3DB76B22A73B87A3D601E07CBC5473935F3B5621",612,"2021-06"
"613",9653,48121,2021-05-26 07:19:04,"0x456F8DA07E4514A9204F0EE22CA4EFC1CF231D5F2C2CADF3E39D99B2F73D0303",613,"2021-05"
"614",11927,47708,2021-07-08 16:09:41,"0x0B8218F4144BCDB6DE2733AFBE510E79A9B5E4AE4D35A7C61F59D6B2F7D7FEAE",614,"2021-07"
"615",10729,66712,2021-06-14 07:14:37,"0x5968242953ACCD6EE96DD992918F79FF6238ABC21060ED701A2C1BA1224BB2EE",615,"2021-06"
"616",10730,48121,2021-06-14 07:16:48,"0x456F8DA07E4514A9204F0EE22CA4EFC1CF231D5F2C2CADF3E39D99B2F73D0303",616,"2021-06"
"617",10731,48121,2021-06-14 07:16:52,"0x27FA33F0154C58639A5D45D18698AB49FF59B35CBFAD31C7134C74D0C6703B12",617,"2021-06"
"618",10740,67426,2021-06-14 08:17:19,"0x885C9CDD02EE26879EBD64198761FD4CCE564BC8873A8C43588CB6C7CA924E9C",618,"2021-06"
"619",10745,66681,2021-06-14 08:49:10,"0x8E499AC23BCB2C32F6DC10398DFBA55A839BDB69455CB28427E280A889A19CCA",619,"2021-06"
"620",10746,48124,2021-06-14 08:52:22,"0x369480DE9F1DA96C1A3E361357A3738181916C9E2285B08D73BA612370BB25FF",620,"2021-06"
"621",10769,48124,2021-06-14 12:43:22,"0x8BDB884F8302EFC9B4792E98071EEC7BE79C1EDA4756C2D5D34CEB24EB1596C9",621,"2021-06"
"622",10791,66681,2021-06-14 18:42:56,"0x2171C7C91790188679D779230AE8AFB9046CD9798DF79493488AB6F6D7EAE919",622,"2021-06"
"623",10801,48121,2021-06-15 07:14:06,"0x456F8DA07E4514A9204F0EE22CA4EFC1CF231D5F2C2CADF3E39D99B2F73D0303",623,"2021-06"
"624",10802,48047,2021-06-15 07:36:24,"0x634B4678EE09397DDF9FF0D28F4178279D232B137C2725A9A61DB41B65104E76",624,"2021-06"
"625",10809,66681,2021-06-15 08:18:10,"0x8E499AC23BCB2C32F6DC10398DFBA55A839BDB69455CB28427E280A889A19CCA",625,"2021-06"
"626",10810,67426,2021-06-15 08:18:57,"0x6EBA45BBC1B1C2DB1CD2C356EE952CEC64BCE955E0C6D0263C7A7F89E84C062D",626,"2021-06"
"627",10815,50093,2021-06-15 09:03:04,"0xEED878F0BA744E1991C1114670C18247DC0D579EAD7E1B71E63973BFF565C967",627,"2021-06"
"628",10844,66681,2021-06-15 11:50:06,"0xBE52F8FA975E31055780B5CDD1CF193E3D465E46CDCCF01CD84356979D0F16E2",628,"2021-06"
"629",10859,69807,2021-06-15 16:21:22,"0xAAFAB94848A1236332F964E4E3204D96522523F510F193C8E6C4EF5F63CA25C3",629,"2021-06"
"630",10881,67426,2021-06-16 08:17:44,"0x885C9CDD02EE26879EBD64198761FD4CCE564BC8873A8C43588CB6C7CA924E9C",630,"2021-06"
"631",10895,66681,2021-06-16 10:43:33,"0x8E499AC23BCB2C32F6DC10398DFBA55A839BDB69455CB28427E280A889A19CCA",631,"2021-06"
"632",10904,66681,2021-06-16 17:03:20,"0x3CBFA891F83B6084D99EF8999E26823C5710C34F32305A1B4217B929D679A37F",632,"2021-06"
"633",10905,66681,2021-06-16 17:03:28,"0x8E3DDEBF50AC493761797B05C220F6A96F6A61C751E38798F6C4D2A0552EF77A",633,"2021-06"
"634",10920,66712,2021-06-17 07:15:45,"0x91C3606B61CCD968A32174568929865A72936BC70333FD863DF6ED17ED4CB3AB",634,"2021-06"
"635",10925,67426,2021-06-17 08:17:49,"0x6EBA45BBC1B1C2DB1CD2C356EE952CEC64BCE955E0C6D0263C7A7F89E84C062D",635,"2021-06"
"636",10936,48124,2021-06-17 10:05:14,"0x369480DE9F1DA96C1A3E361357A3738181916C9E2285B08D73BA612370BB25FF",636,"2021-06"
"637",10984,66712,2021-06-18 07:09:30,"0x5968242953ACCD6EE96DD992918F79FF6238ABC21060ED701A2C1BA1224BB2EE",637,"2021-06"
"638",10994,67426,2021-06-18 08:51:32,"0x6EBA45BBC1B1C2DB1CD2C356EE952CEC64BCE955E0C6D0263C7A7F89E84C062D",638,"2021-06"
"639",11067,67371,2021-06-21 07:17:33,"0x954B4D99048EEB15F375CE04431F80E0156F5A60A851D7A3ADB22C4D14CB0E6F",639,"2021-06"
"640",11068,48121,2021-06-21 07:21:05,"0x27FA33F0154C58639A5D45D18698AB49FF59B35CBFAD31C7134C74D0C6703B12",640,"2021-06"
"641",11072,67426,2021-06-21 08:15:59,"0x885C9CDD02EE26879EBD64198761FD4CCE564BC8873A8C43588CB6C7CA924E9C",641,"2021-06"
"642",11076,67335,2021-06-21 08:40:04,"0x7FE324C7E7A28C434C633D67DDF0D4FF1AD0753E86B8B92282194607E9EF8EED",642,"2021-06"
"643",11934,48124,2021-07-08 18:22:18,"0x3CBFA891F83B6084D99EF8999E26823C5710C34F32305A1B4217B929D679A37F",643,"2021-07"
"644",11938,71982,2021-07-09 05:20:35,"0x5E4EAE532BA6B6E00A976FCE3DB76B22A73B87A3D601E07CBC5473935F3B5621",644,"2021-07"
"645",9656,48172,2021-05-26 07:56:51,"0xDF43E4453EFF0D27BA7CF4AEB67BBAD3994A82AFA07EF46F6CE65A415C022CB5",645,"2021-05"
"646",11944,71383,2021-07-09 08:37:32,"0x3CBFA891F83B6084D99EF8999E26823C5710C34F32305A1B4217B929D679A37F",646,"2021-07"
"647",9661,62587,2021-05-26 08:31:34,"0x7C921E0CDC8D867B81258A3AE4AC1F2B43270A446A867D281D5EBA10C353B0DA",647,"2021-05"
"648",11945,72068,2021-07-09 08:44:40,"0x6EBA45BBC1B1C2DB1CD2C356EE952CEC64BCE955E0C6D0263C7A7F89E84C062D",648,"2021-07"
"649",9662,61831,2021-05-26 08:34:05,"0x8E499AC23BCB2C32F6DC10398DFBA55A839BDB69455CB28427E280A889A19CCA",649,"2021-05"
"650",11964,47686,2021-07-09 12:49:13,"0x7852DFD60E04EA0990328F896E7602FBBBF9FCBB6A6F28BD6A311419585BF3BE",650,"2021-07"
"651",9685,47708,2021-05-26 09:49:30,"0x01A01332741F4C9978A4F3FAF3EB682B440D12FF02C8641D63AD27A631DBEA05",651,"2021-05"
"652",11992,48124,2021-07-11 15:32:29,"0x8BDB884F8302EFC9B4792E98071EEC7BE79C1EDA4756C2D5D34CEB24EB1596C9",652,"2021-07"
"653",11996,72018,2021-07-11 22:27:28,"0x954B4D99048EEB15F375CE04431F80E0156F5A60A851D7A3ADB22C4D14CB0E6F",653,"2021-07"
"654",12000,48121,2021-07-12 07:18:21,"0x456F8DA07E4514A9204F0EE22CA4EFC1CF231D5F2C2CADF3E39D99B2F73D0303",654,"2021-07"
"655",12001,48121,2021-07-12 07:18:25,"0x27FA33F0154C58639A5D45D18698AB49FF59B35CBFAD31C7134C74D0C6703B12",655,"2021-07"
"656",12002,71414,2021-07-12 07:23:57,"0x5968242953ACCD6EE96DD992918F79FF6238ABC21060ED701A2C1BA1224BB2EE",656,"2021-07"
"657",12010,72068,2021-07-12 08:16:58,"0x885C9CDD02EE26879EBD64198761FD4CCE564BC8873A8C43588CB6C7CA924E9C",657,"2021-07"
"658",12020,47708,2021-07-12 09:34:53,"0x01A01332741F4C9978A4F3FAF3EB682B440D12FF02C8641D63AD27A631DBEA05",658,"2021-07"
"659",12062,48124,2021-07-12 19:36:57,"0x369480DE9F1DA96C1A3E361357A3738181916C9E2285B08D73BA612370BB25FF",659,"2021-07"
"660",12063,48496,2021-07-12 19:53:42,"0xA1843E543D25DD5FEF30B50BD3D9F77F36E4364CF277FDB6EF6BD1BBD7DB63E4",660,"2021-07"
"661",12078,48047,2021-07-13 08:00:45,"0x634B4678EE09397DDF9FF0D28F4178279D232B137C2725A9A61DB41B65104E76",661,"2021-07"
"662",12079,72054,2021-07-13 08:07:12,"0x4A8BCDF082C08CF77B7E83BBF32A31E663FC6B71A736FAEE01B366FD02F2814B",662,"2021-07"
"663",12080,72054,2021-07-13 08:07:40,"0x4A8BCDF082C08CF77B7E83BBF32A31E663FC6B71A736FAEE01B366FD02F2814B",663,"2021-07"
"664",12098,71977,2021-07-13 16:05:58,"0x974BCFFC5D3F18A5232136ED5D0BC7833922B17B29F85484F35FCBA658772F5D",664,"2021-07"
"665",12120,48121,2021-07-14 07:49:48,"0x456F8DA07E4514A9204F0EE22CA4EFC1CF231D5F2C2CADF3E39D99B2F73D0303",665,"2021-07"
"666",12126,47708,2021-07-14 09:16:46,"0x0B8218F4144BCDB6DE2733AFBE510E79A9B5E4AE4D35A7C61F59D6B2F7D7FEAE",666,"2021-07"
"667",12154,48130,2021-07-14 19:12:07,"0x466569C6744536A41DFA506ABF30590E054A301C698B1EDD116B5FD26EE73AF3",667,"2021-07"
"668",12163,71414,2021-07-15 07:15:30,"0x91C3606B61CCD968A32174568929865A72936BC70333FD863DF6ED17ED4CB3AB",668,"2021-07"
"669",12169,48124,2021-07-15 08:28:40,"0x8BDB884F8302EFC9B4792E98071EEC7BE79C1EDA4756C2D5D34CEB24EB1596C9",669,"2021-07"
"670",12171,47708,2021-07-15 09:25:29,"0x01A01332741F4C9978A4F3FAF3EB682B440D12FF02C8641D63AD27A631DBEA05",670,"2021-07"
"671",12184,48130,2021-07-15 11:44:28,"0xB2B917B122F1C232B6B7618B46CCDCE6B1EE22A868014EFDC019F4C98A68C724",671,"2021-07"
"672",12185,48130,2021-07-15 11:44:44,"0xB2B917B122F1C232B6B7618B46CCDCE6B1EE22A868014EFDC019F4C98A68C724",672,"2021-07"
"673",12215,72068,2021-07-16 08:19:41,"0x6EBA45BBC1B1C2DB1CD2C356EE952CEC64BCE955E0C6D0263C7A7F89E84C062D",673,"2021-07"
"674",12223,48124,2021-07-16 11:53:43,"0x369480DE9F1DA96C1A3E361357A3738181916C9E2285B08D73BA612370BB25FF",674,"2021-07"
"675",12224,48124,2021-07-16 11:55:30,"0x8BDB884F8302EFC9B4792E98071EEC7BE79C1EDA4756C2D5D34CEB24EB1596C9",675,"2021-07"
"676",12226,48124,2021-07-16 12:02:22,"0x369480DE9F1DA96C1A3E361357A3738181916C9E2285B08D73BA612370BB25FF",676,"2021-07"
"677",12227,47708,2021-07-16 12:10:55,"0xCA48997CBCD85365D2A0A7B6B0BAA1B08D9C4764243C6393E2E8B16C7FFD9146",677,"2021-07"
"678",12228,47708,2021-07-16 12:11:35,"0x0B8218F4144BCDB6DE2733AFBE510E79A9B5E4AE4D35A7C61F59D6B2F7D7FEAE",678,"2021-07"
"679",12282,71414,2021-07-19 07:09:30,"0x5968242953ACCD6EE96DD992918F79FF6238ABC21060ED701A2C1BA1224BB2EE",679,"2021-07"
"680",12316,47708,2021-07-19 14:25:16,"0x01A01332741F4C9978A4F3FAF3EB682B440D12FF02C8641D63AD27A631DBEA05",680,"2021-07"
"681",12319,72014,2021-07-19 15:37:07,"0x485E614D441EFFB35B2C3DF109300BF8F6A3F44CC20B1C648521BAD597EAC652",681,"2021-07"
"682",12323,48124,2021-07-19 17:06:47,"0x8BDB884F8302EFC9B4792E98071EEC7BE79C1EDA4756C2D5D34CEB24EB1596C9",682,"2021-07"
"683",12333,71972,2021-07-20 06:33:40,"0xD43687384C965C7152E3573A66AD8D4FAB909EB26D312236AD98F5A2B06E680D",683,"2021-07"
"684",12335,48121,2021-07-20 07:18:15,"0x27FA33F0154C58639A5D45D18698AB49FF59B35CBFAD31C7134C74D0C6703B12",684,"2021-07"
"685",12340,72054,2021-07-20 08:07:17,"0xFAA9E81E00D5DB7C5170E91B49F8D5946BABE967FA3452072CF131FD843C9640",685,"2021-07"
"686",9726,61831,2021-05-26 16:40:45,"0x2171C7C91790188679D779230AE8AFB9046CD9798DF79493488AB6F6D7EAE919",686,"2021-05"
"687",9737,61864,2021-05-27 07:13:11,"0x91C3606B61CCD968A32174568929865A72936BC70333FD863DF6ED17ED4CB3AB",687,"2021-05"
"688",9741,48121,2021-05-27 07:59:45,"0x27FA33F0154C58639A5D45D18698AB49FF59B35CBFAD31C7134C74D0C6703B12",688,"2021-05"
"689",9742,48121,2021-05-27 07:59:52,"0x456F8DA07E4514A9204F0EE22CA4EFC1CF231D5F2C2CADF3E39D99B2F73D0303",689,"2021-05"
"690",9745,48172,2021-05-27 08:14:40,"0x3D8617A496C27B389A3688D248E9AA5296180C6D63106CDB169D3C593CD2E9B0",690,"2021-05"
"691",9756,47708,2021-05-27 09:11:31,"0xCA48997CBCD85365D2A0A7B6B0BAA1B08D9C4764243C6393E2E8B16C7FFD9146",691,"2021-05"
"692",9817,61864,2021-05-28 07:28:59,"0x5968242953ACCD6EE96DD992918F79FF6238ABC21060ED701A2C1BA1224BB2EE",692,"2021-05"
"693",9818,48121,2021-05-28 07:31:50,"0x27FA33F0154C58639A5D45D18698AB49FF59B35CBFAD31C7134C74D0C6703B12",693,"2021-05"
"694",9819,48121,2021-05-28 07:31:57,"0x456F8DA07E4514A9204F0EE22CA4EFC1CF231D5F2C2CADF3E39D99B2F73D0303",694,"2021-05"
"695",9866,62531,2021-05-28 15:46:49,"0xBA367013AD29E5CE55291A9C4826C145170AA45269D1AC287A48D9B20E4B85BF",695,"2021-05"
"696",9880,48124,2021-05-28 18:49:56,"0x369480DE9F1DA96C1A3E361357A3738181916C9E2285B08D73BA612370BB25FF",696,"2021-05"
"697",9899,62531,2021-05-30 18:40:44,"0xEB1C681F7244DA6AA608C10420D4FB1ED7AFD8B34F86AC0340329D9EA7CE56E0",697,"2021-05"
"698",9910,48047,2021-05-31 07:48:46,"0x634B4678EE09397DDF9FF0D28F4178279D232B137C2725A9A61DB41B65104E76",698,"2021-05"
"699",9929,48172,2021-05-31 10:20:47,"0xDF43E4453EFF0D27BA7CF4AEB67BBAD3994A82AFA07EF46F6CE65A415C022CB5",699,"2021-05"
"700",9930,48124,2021-05-31 11:00:03,"0x8BDB884F8302EFC9B4792E98071EEC7BE79C1EDA4756C2D5D34CEB24EB1596C9",700,"2021-05"
"701",10017,48070,2021-06-01 08:47:30,"0x2B4F0C937C0DDA13E555276CDE2C3D01DDD628D171D128CFD06E6D06F1096942",701,"2021-06"
"702",10026,66310,2021-06-01 09:09:57,"0x6CDAFDB11555351AF4B811326A9E105A1E19F1DB9AE0B9DFF6E32E1868E7FC5A",702,"2021-06"
"703",10099,48121,2021-06-02 08:19:41,"0x27FA33F0154C58639A5D45D18698AB49FF59B35CBFAD31C7134C74D0C6703B12",703,"2021-06"
"704",10133,50093,2021-06-02 14:02:39,"0x4626DCD8CEA43D695132371C442A564A9236E69368E481542CE1EC709BF6CE5E",704,"2021-06"
"705",10138,67367,2021-06-02 15:58:56,"0x485E614D441EFFB35B2C3DF109300BF8F6A3F44CC20B1C648521BAD597EAC652",705,"2021-06"
"706",10145,66712,2021-06-03 07:20:26,"0x91C3606B61CCD968A32174568929865A72936BC70333FD863DF6ED17ED4CB3AB",706,"2021-06"
"707",10146,48121,2021-06-03 07:23:02,"0x456F8DA07E4514A9204F0EE22CA4EFC1CF231D5F2C2CADF3E39D99B2F73D0303",707,"2021-06"
"708",10163,67548,2021-06-03 08:43:31,"0x04CDC8AE2A57873E8166A46A5FBB1612122197DB5A95B5F8E8A7C3181494B0B5",708,"2021-06"
"709",10210,66712,2021-06-03 22:29:39,"0x5968242953ACCD6EE96DD992918F79FF6238ABC21060ED701A2C1BA1224BB2EE",709,"2021-06"
"710",10217,67335,2021-06-04 07:41:01,"0x7FE324C7E7A28C434C633D67DDF0D4FF1AD0753E86B8B92282194607E9EF8EED",710,"2021-06"
"711",10225,67548,2021-06-04 09:05:25,"0x1E58EE06491FF93198BDF28904128334DFEA5F7D3DF2FACA603D77FF4FD16A64",711,"2021-06"
"712",10250,67426,2021-06-04 11:33:37,"0x6EBA45BBC1B1C2DB1CD2C356EE952CEC64BCE955E0C6D0263C7A7F89E84C062D",712,"2021-06"
"713",10252,50093,2021-06-04 11:39:29,"0xEED878F0BA744E1991C1114670C18247DC0D579EAD7E1B71E63973BFF565C967",713,"2021-06"
"714",10253,50093,2021-06-04 11:39:38,"0xEED878F0BA744E1991C1114670C18247DC0D579EAD7E1B71E63973BFF565C967",714,"2021-06"
"715",10258,47705,2021-06-04 13:23:49,"0xAC2E1541FA4A6E75635546D2D0C872E5AE98CE4E096B09C8241AC7853EEBFAF5",715,"2021-06"
"716",10273,48124,2021-06-04 15:10:55,"0x369480DE9F1DA96C1A3E361357A3738181916C9E2285B08D73BA612370BB25FF",716,"2021-06"
"717",10332,48516,2021-06-07 07:10:34,"0x75D52C813C746CA07795D6421F6190438D2C24D605776D3CFF211190E155D144",717,"2021-06"
"718",10333,48121,2021-06-07 07:16:58,"0x27FA33F0154C58639A5D45D18698AB49FF59B35CBFAD31C7134C74D0C6703B12",718,"2021-06"
"719",10341,50093,2021-06-07 08:20:45,"0x4626DCD8CEA43D695132371C442A564A9236E69368E481542CE1EC709BF6CE5E",719,"2021-06"
"720",10396,47756,2021-06-07 14:55:57,"0x1D7A25B767B68F2C1B17903E4DDDE16EB40F99DE4DE7691ABB3533620FBECB0D",720,"2021-06"
"721",10418,67512,2021-06-08 06:26:45,"0x5E82E15713B40B0ED9BEDCCADD1F308038E2181FEFE1338B2EFFD4DE7DA295EE",721,"2021-06"
"722",10421,48121,2021-06-08 07:20:36,"0x456F8DA07E4514A9204F0EE22CA4EFC1CF231D5F2C2CADF3E39D99B2F73D0303",722,"2021-06"
"723",11080,48160,2021-06-21 10:02:27,"0xE500AA7256DD523730F153BD04C9975B04E42250CFD0DD59E3961DDEA74ED955",723,"2021-06"
"724",11081,48124,2021-06-21 10:12:06,"0x8BDB884F8302EFC9B4792E98071EEC7BE79C1EDA4756C2D5D34CEB24EB1596C9",724,"2021-06"
"725",11110,53967,2021-06-21 14:09:51,"0x47A7707DA18D292AEE4BC2BD4663A728A80200EDBA7A0DBF71DECEDAE44FFB86",725,"2021-06"
"726",11135,67371,2021-06-21 21:40:39,"0xDFA9D42EFACCB0D8DD8F4941A5C8EDC0C5794990F58F393CDDDC2D9A95D82C01",726,"2021-06"
"727",11141,48121,2021-06-22 07:27:22,"0x456F8DA07E4514A9204F0EE22CA4EFC1CF231D5F2C2CADF3E39D99B2F73D0303",727,"2021-06"
"728",11145,48047,2021-06-22 07:46:52,"0xB041D6D948C8AF8421E5B6B43D42AC763C1BFFD4375D541D0BE642607544103B",728,"2021-06"
"729",11147,67426,2021-06-22 08:18:47,"0x6EBA45BBC1B1C2DB1CD2C356EE952CEC64BCE955E0C6D0263C7A7F89E84C062D",729,"2021-06"
"730",11149,66681,2021-06-22 08:24:38,"0x8E499AC23BCB2C32F6DC10398DFBA55A839BDB69455CB28427E280A889A19CCA",730,"2021-06"
"731",11201,48047,2021-06-23 07:52:32,"0x634B4678EE09397DDF9FF0D28F4178279D232B137C2725A9A61DB41B65104E76",731,"2021-06"
"732",11209,66310,2021-06-23 09:25:14,"0xA40C5492475055C4D68D8C8206062D6815DD4003E3C823C24F47553FD4C8AECC",732,"2021-06"
"733",11240,60768,2021-06-23 21:17:35,"0x3BD18342AFE20518880281DCC5E2642D7C49C2E6CDDF1C2A66E909EFA8931ABE",733,"2021-06"
"734",11250,48121,2021-06-24 07:42:33,"0x27FA33F0154C58639A5D45D18698AB49FF59B35CBFAD31C7134C74D0C6703B12",734,"2021-06"
"735",11251,48121,2021-06-24 07:42:46,"0x456F8DA07E4514A9204F0EE22CA4EFC1CF231D5F2C2CADF3E39D99B2F73D0303",735,"2021-06"
"736",11252,48121,2021-06-24 07:42:50,"0x27FA33F0154C58639A5D45D18698AB49FF59B35CBFAD31C7134C74D0C6703B12",736,"2021-06"
"737",11256,48047,2021-06-24 07:54:59,"0xB041D6D948C8AF8421E5B6B43D42AC763C1BFFD4375D541D0BE642607544103B",737,"2021-06"
"738",11276,48124,2021-06-24 13:13:06,"0x369480DE9F1DA96C1A3E361357A3738181916C9E2285B08D73BA612370BB25FF",738,"2021-06"
"739",11308,67440,2021-06-25 06:09:12,"0xA90BA60C2F5E5CCEF2A8914D646CF45F202368F49A2EC3634E66195C0D31B30A",739,"2021-06"
"740",11311,67371,2021-06-25 07:09:24,"0x954B4D99048EEB15F375CE04431F80E0156F5A60A851D7A3ADB22C4D14CB0E6F",740,"2021-06"
"741",11315,67887,2021-06-25 07:37:33,"0x3FE03CA39ADA61FF07FD4587DD72906E7EBC8220C5570E39D8CF4E724FF16FBE",741,"2021-06"
"742",11319,48496,2021-06-25 08:07:48,"0xF343620C447212644A672CEC87EFC4B5FA0A373926BB19EFF43F38BEE1CF8F4C",742,"2021-06"
"743",11336,48124,2021-06-25 10:13:34,"0x8BDB884F8302EFC9B4792E98071EEC7BE79C1EDA4756C2D5D34CEB24EB1596C9",743,"2021-06"
"744",11340,48124,2021-06-25 12:06:53,"0x369480DE9F1DA96C1A3E361357A3738181916C9E2285B08D73BA612370BB25FF",744,"2021-06"
"745",11358,66681,2021-06-25 17:56:30,"0x3CBFA891F83B6084D99EF8999E26823C5710C34F32305A1B4217B929D679A37F",745,"2021-06"
"746",11394,48121,2021-06-28 07:52:30,"0x456F8DA07E4514A9204F0EE22CA4EFC1CF231D5F2C2CADF3E39D99B2F73D0303",746,"2021-06"
"747",11409,48070,2021-06-28 10:53:48,"0x2B4F0C937C0DDA13E555276CDE2C3D01DDD628D171D128CFD06E6D06F1096942",747,"2021-06"
"748",11424,66681,2021-06-28 13:26:14,"0x8E499AC23BCB2C32F6DC10398DFBA55A839BDB69455CB28427E280A889A19CCA",748,"2021-06"
"749",11437,50093,2021-06-28 14:47:39,"0x4626DCD8CEA43D695132371C442A564A9236E69368E481542CE1EC709BF6CE5E",749,"2021-06"
"750",11445,66300,2021-06-28 17:51:36,"0xF56919A2FD637A64DAFCAA05999A4B89BDEB94F23F4244256EC04C6D21604EA5",750,"2021-06"
"751",11446,66300,2021-06-28 17:51:41,"0x3F6E51AD1BEEAE1808D0F67844F5605409A1F118A5444A7758B6EE9B5D2BE0FB",751,"2021-06"
"752",11447,66300,2021-06-28 17:52:03,"0xF56919A2FD637A64DAFCAA05999A4B89BDEB94F23F4244256EC04C6D21604EA5",752,"2021-06"
"753",11448,66300,2021-06-28 17:52:11,"0x3F6E51AD1BEEAE1808D0F67844F5605409A1F118A5444A7758B6EE9B5D2BE0FB",753,"2021-06"
"754",11463,48504,2021-06-28 19:47:11,"0xCBAF0C203CE19837BF09F42644AA8EE5EB6B393A59C850180012D99F96FC05BC",754,"2021-06"
"755",11482,48124,2021-06-29 08:47:52,"0x8BDB884F8302EFC9B4792E98071EEC7BE79C1EDA4756C2D5D34CEB24EB1596C9",755,"2021-06"
"756",11486,70948,2021-06-29 09:25:45,"0xA40C5492475055C4D68D8C8206062D6815DD4003E3C823C24F47553FD4C8AECC",756,"2021-06"
"757",11514,48124,2021-06-29 13:47:01,"0x369480DE9F1DA96C1A3E361357A3738181916C9E2285B08D73BA612370BB25FF",757,"2021-06"
"758",11545,67426,2021-06-30 08:03:49,"0x885C9CDD02EE26879EBD64198761FD4CCE564BC8873A8C43588CB6C7CA924E9C",758,"2021-06"
"759",11557,60768,2021-06-30 11:17:34,"0x611E728DC6F9067E081E2F9157BBB5BDECCF8EB079ECB12C547ABF2195BB25B7",759,"2021-06"
"760",11558,67887,2021-06-30 11:45:57,"0x6A6E8324833DBCDA2B952AD6B1043D799D38451DE5695492A78BED211444B566",760,"2021-06"
"761",11560,48318,2021-06-30 12:14:33,"0x6BFFD88517CA09EFFC418C522C22B9215D22C6B78F64B110248C02F5BC90CB3B",761,"2021-06"
"762",11603,72055,2021-07-02 06:20:58,"0x5034A3B48914A328138E14D41B13FFF2FED2410FCD261065E94559CE48A3C243",762,"2021-07"
"763",11605,48121,2021-07-02 07:16:32,"0x27FA33F0154C58639A5D45D18698AB49FF59B35CBFAD31C7134C74D0C6703B12",763,"2021-07"
"764",11606,48121,2021-07-02 07:16:36,"0x456F8DA07E4514A9204F0EE22CA4EFC1CF231D5F2C2CADF3E39D99B2F73D0303",764,"2021-07"
"765",11607,48172,2021-07-02 07:31:11,"0x3D8617A496C27B389A3688D248E9AA5296180C6D63106CDB169D3C593CD2E9B0",765,"2021-07"
"766",11608,72054,2021-07-02 07:56:03,"0x7C921E0CDC8D867B81258A3AE4AC1F2B43270A446A867D281D5EBA10C353B0DA",766,"2021-07"
"767",11698,72013,2021-07-04 20:03:25,"0x3CB442C009CF35F016210A5293AA60D4F9DB313D6FCCBAB3944406682DD28180",767,"2021-07"
"768",11709,72081,2021-07-05 06:43:07,"0xA94EC7D13B7178EA478BCC090BCA80C483454060365ABF407CCF540DA77F9CE4",768,"2021-07"
"769",11711,48121,2021-07-05 07:17:43,"0x27FA33F0154C58639A5D45D18698AB49FF59B35CBFAD31C7134C74D0C6703B12",769,"2021-07"
"770",11723,48172,2021-07-05 08:28:04,"0xDF43E4453EFF0D27BA7CF4AEB67BBAD3994A82AFA07EF46F6CE65A415C022CB5",770,"2021-07"
"771",11727,48124,2021-07-05 09:17:55,"0x8BDB884F8302EFC9B4792E98071EEC7BE79C1EDA4756C2D5D34CEB24EB1596C9",771,"2021-07"
"772",11731,48494,2021-07-05 09:19:57,"0x8C49A7084AB01F2BEBAA5938AC0B600333630D609B8F58C0D4860A8B784E01A8",772,"2021-07"
"773",11737,48318,2021-07-05 10:03:58,"0x03C8A9408AA30DC4593C40E13A15E8633EE492EBEB28DEC235F844EE1D3311A5",773,"2021-07"
"774",11748,48133,2021-07-05 10:49:26,"0xC05479110DD53F6C9629DE4FD66A10484315E5491A14B467FC4EF314A1B9F2A8",774,"2021-07"
"775",11751,48070,2021-07-05 11:47:47,"0x76D90AA6E6190252C48405B080F6B088D6D6D95A128B272A9DF86810B3B50C94",775,"2021-07"
"776",11776,70948,2021-07-05 15:28:21,"0xECB3B3BA0727BD14EEE8D411A8620B14CCB97167C3668FDBA9A15FBE33A31DB6",776,"2021-07"
