id,permit_holder_id,timestamp,old_licence_plate_hash,ObjectId
4200,47673,04-11-2020 08:17:10,0xCC1A6E81B774F5A1A03B5553CE26DF12FBD8E450B8457F1008C27A5A103B5180,1
4208,47712,04-11-2020 14:08:13,0x0B2E8F436F8AD377EF7F0071CB457A249AA0C83C4B4FC6BCA4F6F4EAD4B7794F,2
4260,47917,09-11-2020 11:23:30,0xD6C10ED8A44BC417A1788FB672EC161435AAF26B3229C98D8BD86E959EB4487D,3
4288,48075,16-11-2020 11:21:38,0x04ACA5BC29ACCE0750B5C4E9790B7019E7F8A276A13FE007B15A86053E3A32F4,4
4289,48075,16-11-2020 11:21:52,0x04ACA5BC29ACCE0750B5C4E9790B7019E7F8A276A13FE007B15A86053E3A32F4,5
4292,48121,17-11-2020 09:33:52,0x27FA33F0154C58639A5D45D18698AB49FF59B35CBFAD31C7134C74D0C6703B12,6
4293,48121,17-11-2020 09:34:06,0x456F8DA07E4514A9204F0EE22CA4EFC1CF231D5F2C2CADF3E39D99B2F73D0303,7
4315,48172,19-11-2020 08:37:34,0x64E87C73C29FC98891DCE4D471C4FBAE1CA84478037133EF64CB0DA906478358,8
4390,48337,23-11-2020 10:23:20,0x885C9CDD02EE26879EBD64198761FD4CCE564BC8873A8C43588CB6C7CA924E9C,9
4391,48337,23-11-2020 10:23:26,0x885C9CDD02EE26879EBD64198761FD4CCE564BC8873A8C43588CB6C7CA924E9C,10
4392,48337,23-11-2020 10:27:10,0x6EBA45BBC1B1C2DB1CD2C356EE952CEC64BCE955E0C6D0263C7A7F89E84C062D,11
4394,48337,23-11-2020 10:30:44,0x885C9CDD02EE26879EBD64198761FD4CCE564BC8873A8C43588CB6C7CA924E9C,12
4409,48139,24-11-2020 07:46:32,0xAF7170A09787299BDC6A531387FD25E1607A8B1B1E296D5C473CEB97BF381EE5,13
4411,47402,24-11-2020 08:08:57,0x999CF370C3A824F445A124728A556D18B3F64D632BC5E0EA8BE4B24D5509CC27,14
4449,48424,25-11-2020 15:36:46,0xA90BA60C2F5E5CCEF2A8914D646CF45F202368F49A2EC3634E66195C0D31B30A,15
4458,47806,26-11-2020 07:21:23,0xA8DB42C8271D177C9FAB244C5428D2AEFF5338357C8A3F1061263BEBFC804107,16
4459,47806,26-11-2020 07:23:50,0xA8DB42C8271D177C9FAB244C5428D2AEFF5338357C8A3F1061263BEBFC804107,17
4460,47806,26-11-2020 07:24:12,0xA8DB42C8271D177C9FAB244C5428D2AEFF5338357C8A3F1061263BEBFC804107,18
4477,48464,26-11-2020 10:23:58,0xFAF0C13EA8BE68C4A9E08B5517EB0CBCDC5C787DEC46EC1FAD21D182F9F7540F,19
4486,47402,27-11-2020 09:19:29,0x394670DE097B81EB0A02032C2B721DB8D9892D8168E2459DFDE877DF8454BCCA,20
4493,48571,28-11-2020 08:14:24,0x142C9921F773080676B36E9B96942B613DF280B7BEA766FA2C89589AECAFD9A7,21
4496,48550,28-11-2020 17:45:44,0xE4CE9AAEB7FF3C387C31ECA7569B9B88A3D7F029707E3D3BE1DE68C1E4A92D84,22
4511,48700,30-11-2020 09:38:32,0x215685D41C29601FD7733B7DF7BDB05C7BBB0D7C08F5A2644783707A0EE32F91,23
4512,48701,30-11-2020 09:38:37,0x215685D41C29601FD7733B7DF7BDB05C7BBB0D7C08F5A2644783707A0EE32F91,24
4513,48702,30-11-2020 09:38:41,0x215685D41C29601FD7733B7DF7BDB05C7BBB0D7C08F5A2644783707A0EE32F91,25
4524,48418,30-11-2020 12:24:23,0x7C9A2D0DE35BFAAD800A483DDA7C34C7F08505980F53904F75CC52DE8074444B,26
4549,48418,01-12-2020 08:04:46,0x9E9D2FFA81A8C9671AEBBE7E6E3001371834AC3AEE90835A431FA85B70F0DBB3,27
4552,50054,01-12-2020 08:37:07,0x39AD2F147B88CCD43425A4D2C194D3C3C505144D296C0A0FE0922E8EDFDFEBA0,28
4554,50060,01-12-2020 08:52:27,0xF758D0BE00B35507660DD560C43DE640A1F1018921D899E1032A9E4C8906E41D,29
4555,50066,01-12-2020 09:03:49,0x61C3C78EC3335B6B9C6A328688EAF1D4A97EBEFE1578C902F65B0C6581371706,30
4556,47603,01-12-2020 09:05:05,0xE0513BC036CC5BD3DEB98F28FCD8DFC3D52FFD47E27BBC9C9AE6C1F45A2CC290,31
4570,47603,01-12-2020 17:38:55,0x762195EF3CFB5E632DBA356B564DBBE15A4A4CF1640A40B96BF5C30BD3BFA828,32
4579,48121,02-12-2020 08:00:03,0x456F8DA07E4514A9204F0EE22CA4EFC1CF231D5F2C2CADF3E39D99B2F73D0303,33
4592,49990,02-12-2020 10:31:35,0x5E82E15713B40B0ED9BEDCCADD1F308038E2181FEFE1338B2EFFD4DE7DA295EE,34
4622,48785,03-12-2020 07:13:53,0x91C3606B61CCD968A32174568929865A72936BC70333FD863DF6ED17ED4CB3AB,35
4624,49912,03-12-2020 07:25:20,0xA90BA60C2F5E5CCEF2A8914D646CF45F202368F49A2EC3634E66195C0D31B30A,36
4625,49912,03-12-2020 07:25:38,0xA90BA60C2F5E5CCEF2A8914D646CF45F202368F49A2EC3634E66195C0D31B30A,37
4626,49912,03-12-2020 07:26:22,0xA90BA60C2F5E5CCEF2A8914D646CF45F202368F49A2EC3634E66195C0D31B30A,38
4627,49912,03-12-2020 07:26:28,0xA90BA60C2F5E5CCEF2A8914D646CF45F202368F49A2EC3634E66195C0D31B30A,39
4628,49912,03-12-2020 07:29:57,0xA90BA60C2F5E5CCEF2A8914D646CF45F202368F49A2EC3634E66195C0D31B30A,40
4631,48121,03-12-2020 07:58:22,0x27FA33F0154C58639A5D45D18698AB49FF59B35CBFAD31C7134C74D0C6703B12,41
4632,47665,03-12-2020 08:18:09,0xADC925F6CD479BC644B7F4C77B763B1992972677520F2B3044CE3437D8A383F5,42
4636,48124,03-12-2020 09:28:52,0x8BDB884F8302EFC9B4792E98071EEC7BE79C1EDA4756C2D5D34CEB24EB1596C9,43
4648,48124,03-12-2020 14:41:35,0x369480DE9F1DA96C1A3E361357A3738181916C9E2285B08D73BA612370BB25FF,44
4651,48735,03-12-2020 16:05:25,0x8E499AC23BCB2C32F6DC10398DFBA55A839BDB69455CB28427E280A889A19CCA,45
4655,49896,04-12-2020 07:11:17,0x6EBA45BBC1B1C2DB1CD2C356EE952CEC64BCE955E0C6D0263C7A7F89E84C062D,46
4656,48047,04-12-2020 08:21:16,0xB041D6D948C8AF8421E5B6B43D42AC763C1BFFD4375D541D0BE642607544103B,47
4663,50111,04-12-2020 12:32:51,0x27D64307A9BBCDCC286DFE2938B1A138B5A2308EA77A0AFDF85B84DF8E1FD36D,48
4664,48735,04-12-2020 13:02:21,0x8E3DDEBF50AC493761797B05C220F6A96F6A61C751E38798F6C4D2A0552EF77A,49
4669,49942,04-12-2020 14:29:43,0xFAF0C13EA8BE68C4A9E08B5517EB0CBCDC5C787DEC46EC1FAD21D182F9F7540F,50
4926,49929,15-12-2020 13:22:46,0x6AA7FF61C2422A23656F6612BBBEE85A137824A7306AA0BF4A1AE3CE33CC4423,51
4927,49929,15-12-2020 13:22:52,0x6AA7FF61C2422A23656F6612BBBEE85A137824A7306AA0BF4A1AE3CE33CC4423,52
4928,49929,15-12-2020 13:23:09,0xFA14589E804D9E1EB8FA78CF89457C0DCB0B04158E3BD9159151D35B37C0876C,53
4939,48735,15-12-2020 15:56:32,0x8E3DDEBF50AC493761797B05C220F6A96F6A61C751E38798F6C4D2A0552EF77A,54
4950,49896,16-12-2020 07:51:20,0x885C9CDD02EE26879EBD64198761FD4CCE564BC8873A8C43588CB6C7CA924E9C,55
4953,48124,16-12-2020 08:42:07,0x8BDB884F8302EFC9B4792E98071EEC7BE79C1EDA4756C2D5D34CEB24EB1596C9,56
4973,48124,16-12-2020 16:41:59,0xBE52F8FA975E31055780B5CDD1CF193E3D465E46CDCCF01CD84356979D0F16E2,57
4980,49837,17-12-2020 07:26:42,0x884C64EC0AC7EAF78F1599B1515554A4FBF14BCE77F003AEA70806420043F6CB,58
4985,48735,17-12-2020 08:54:26,0x8E499AC23BCB2C32F6DC10398DFBA55A839BDB69455CB28427E280A889A19CCA,59
4993,48590,17-12-2020 10:29:24,0x0CFCE67410DE9075A991DB95C85C3318B39B4437F8E476E972426F992ECC0632,60
4999,48735,17-12-2020 13:24:43,0x2171C7C91790188679D779230AE8AFB9046CD9798DF79493488AB6F6D7EAE919,61
5011,48121,18-12-2020 07:09:59,0x27FA33F0154C58639A5D45D18698AB49FF59B35CBFAD31C7134C74D0C6703B12,62
5013,49896,18-12-2020 07:58:25,0x6EBA45BBC1B1C2DB1CD2C356EE952CEC64BCE955E0C6D0263C7A7F89E84C062D,63
5021,48590,18-12-2020 11:21:27,0x0369DFA3CE06420C3D4BFAA016D8BAFB099B76134F4F5FE518C8E7243427CEB9,64
5038,49896,21-12-2020 08:20:47,0x885C9CDD02EE26879EBD64198761FD4CCE564BC8873A8C43588CB6C7CA924E9C,65
5041,48735,21-12-2020 08:46:17,0x8E499AC23BCB2C32F6DC10398DFBA55A839BDB69455CB28427E280A889A19CCA,66
5061,48121,22-12-2020 07:30:41,0x456F8DA07E4514A9204F0EE22CA4EFC1CF231D5F2C2CADF3E39D99B2F73D0303,67
5063,49896,22-12-2020 08:21:09,0x6EBA45BBC1B1C2DB1CD2C356EE952CEC64BCE955E0C6D0263C7A7F89E84C062D,68
5067,48590,22-12-2020 09:57:01,0xC9C9D90EDDFA12D28EB44686A5D43609F86B839EA716477D7717B039E49DAC52,69
5074,48735,22-12-2020 17:38:01,0x2171C7C91790188679D779230AE8AFB9046CD9798DF79493488AB6F6D7EAE919,70
5095,48989,23-12-2020 14:04:33,0xE03A7A3CCAE1D7D3EC3D28921B638F9E43316813F285290B983C920AD44B688A,71
5096,48989,23-12-2020 14:04:38,0x3E238E63A3BA25A07440170441E9AF11737C578E92D4F679DFE92F2303F3FD1D,72
5133,48121,30-12-2020 09:10:09,0x27FA33F0154C58639A5D45D18698AB49FF59B35CBFAD31C7134C74D0C6703B12,73
5146,48121,31-12-2020 09:02:17,0x456F8DA07E4514A9204F0EE22CA4EFC1CF231D5F2C2CADF3E39D99B2F73D0303,74
5162,50723,01-01-2021 20:36:14,0xE03A7A3CCAE1D7D3EC3D28921B638F9E43316813F285290B983C920AD44B688A,75
5166,52040,02-01-2021 09:20:59,0x1E58EE06491FF93198BDF28904128334DFEA5F7D3DF2FACA603D77FF4FD16A64,76
5168,48989,02-01-2021 11:57:44,0x3E238E63A3BA25A07440170441E9AF11737C578E92D4F679DFE92F2303F3FD1D,77
5172,50723,03-01-2021 09:56:56,0x3E238E63A3BA25A07440170441E9AF11737C578E92D4F679DFE92F2303F3FD1D,78
5183,48121,04-01-2021 07:20:58,0x27FA33F0154C58639A5D45D18698AB49FF59B35CBFAD31C7134C74D0C6703B12,79
5184,48121,04-01-2021 07:21:03,0x456F8DA07E4514A9204F0EE22CA4EFC1CF231D5F2C2CADF3E39D99B2F73D0303,80
5220,51772,04-01-2021 16:04:35,0xA8DB42C8271D177C9FAB244C5428D2AEFF5338357C8A3F1061263BEBFC804107,81
5233,51772,04-01-2021 22:13:04,0xA8DB42C8271D177C9FAB244C5428D2AEFF5338357C8A3F1061263BEBFC804107,82
5260,50723,05-01-2021 19:26:31,0xE03A7A3CCAE1D7D3EC3D28921B638F9E43316813F285290B983C920AD44B688A,83
5266,51882,06-01-2021 08:10:35,0x885C9CDD02EE26879EBD64198761FD4CCE564BC8873A8C43588CB6C7CA924E9C,84
5282,50723,06-01-2021 14:50:53,0x3E238E63A3BA25A07440170441E9AF11737C578E92D4F679DFE92F2303F3FD1D,85
5296,50831,07-01-2021 08:45:45,0x8E499AC23BCB2C32F6DC10398DFBA55A839BDB69455CB28427E280A889A19CCA,86
5325,50734,07-01-2021 14:04:52,0x0369DFA3CE06420C3D4BFAA016D8BAFB099B76134F4F5FE518C8E7243427CEB9,87
5328,50831,07-01-2021 16:38:11,0x2171C7C91790188679D779230AE8AFB9046CD9798DF79493488AB6F6D7EAE919,88
5335,51882,08-01-2021 08:47:35,0x6EBA45BBC1B1C2DB1CD2C356EE952CEC64BCE955E0C6D0263C7A7F89E84C062D,89
5346,50723,08-01-2021 13:34:27,0xE03A7A3CCAE1D7D3EC3D28921B638F9E43316813F285290B983C920AD44B688A,90
5357,50723,09-01-2021 11:05:01,0x3E238E63A3BA25A07440170441E9AF11737C578E92D4F679DFE92F2303F3FD1D,91
5361,48172,10-01-2021 19:58:32,0x3D8617A496C27B389A3688D248E9AA5296180C6D63106CDB169D3C593CD2E9B0,92
5377,47679,11-01-2021 09:20:56,0x67C64E42E5534BC67B0F0E66A96487D5A1893CB83D7D3EB543723C6CFDA26186,93
5389,50734,11-01-2021 11:20:07,0x515C3E47C0FC7AC38D7C52200CCB0C6968FD4B6ACE2BE6E7AF329896E1B1B38C,94
5393,48124,11-01-2021 14:15:07,0x8BDB884F8302EFC9B4792E98071EEC7BE79C1EDA4756C2D5D34CEB24EB1596C9,95
5397,50831,11-01-2021 19:43:53,0x8E499AC23BCB2C32F6DC10398DFBA55A839BDB69455CB28427E280A889A19CCA,96
5404,48172,12-01-2021 07:12:10,0x64E87C73C29FC98891DCE4D471C4FBAE1CA84478037133EF64CB0DA906478358,97
5408,51791,12-01-2021 07:53:53,0xD272DCA34BBB09D44EDAE66670F04F78A8B4F3068F8281505DDC6AF89D36A1FE,98
5430,51772,13-01-2021 05:08:20,0x7FE324C7E7A28C434C633D67DDF0D4FF1AD0753E86B8B92282194607E9EF8EED,99
5432,51961,13-01-2021 05:42:12,0x90E9472CA96117ECC10139B13CC2A978A6BB80B9D44EC2044490541A733DB184,100
7195,57757,18-03-2021 15:52:12,0xE60705F3591F3103EFB6E7FEFD64EA6F323E3D0AD3C632D12121156D929CFF02,101
7198,57740,18-03-2021 18:21:25,0xCB023EB2EF07DAAF4E3616A79239627F7AE55AC443FF3DA9FD16411F36434998,102
7203,48711,19-03-2021 07:49:51,0x1FBCC4B1AA0F36AB9EDD68136F905C3E01D01235FAA7CE70EACB89E9243BA890,103
7205,48172,19-03-2021 08:42:29,0x64E87C73C29FC98891DCE4D471C4FBAE1CA84478037133EF64CB0DA906478358,104
7206,48047,19-03-2021 09:40:01,0x634B4678EE09397DDF9FF0D28F4178279D232B137C2725A9A61DB41B65104E76,105
7214,57615,19-03-2021 11:57:51,0xD9E50895F2BDBE8D63ADBB65D1FB3CA19F03DF78059563D3D054B266CB1D40DB,106
7218,48124,19-03-2021 13:57:36,0x369480DE9F1DA96C1A3E361357A3738181916C9E2285B08D73BA612370BB25FF,107
7220,56827,19-03-2021 14:17:13,0x3CBFA891F83B6084D99EF8999E26823C5710C34F32305A1B4217B929D679A37F,108
7221,56827,19-03-2021 14:17:28,0x3CBFA891F83B6084D99EF8999E26823C5710C34F32305A1B4217B929D679A37F,109
7228,56730,20-03-2021 18:05:16,0xE03A7A3CCAE1D7D3EC3D28921B638F9E43316813F285290B983C920AD44B688A,110
7230,56730,21-03-2021 20:43:08,0x3E238E63A3BA25A07440170441E9AF11737C578E92D4F679DFE92F2303F3FD1D,111
7231,48072,21-03-2021 21:14:11,0xB1C0708EB86ED499B9CF8DE927825E5AECAE6A26496B20F364AFD94FEFA7DA9E,112
7235,48516,22-03-2021 07:47:15,0x75D52C813C746CA07795D6421F6190438D2C24D605776D3CFF211190E155D144,113
7236,48047,22-03-2021 07:54:27,0xB041D6D948C8AF8421E5B6B43D42AC763C1BFFD4375D541D0BE642607544103B,114
7246,48077,22-03-2021 09:26:01,0x905AE7B5A9F05CB49AA9F81AA2601354F7D44F3641A8DCF980767E9ACB61F633,115
7253,56827,22-03-2021 10:59:22,0x8E499AC23BCB2C32F6DC10398DFBA55A839BDB69455CB28427E280A889A19CCA,116
7260,56828,22-03-2021 17:40:36,0xD23C2DD08DFA23014337E991ACF60149170D0556352EA1E4299060DB36833DF5,117
7269,57701,23-03-2021 08:21:50,0x6EBA45BBC1B1C2DB1CD2C356EE952CEC64BCE955E0C6D0263C7A7F89E84C062D,118
7302,48121,24-03-2021 07:05:16,0x27FA33F0154C58639A5D45D18698AB49FF59B35CBFAD31C7134C74D0C6703B12,119
7315,57774,24-03-2021 08:12:50,0x90E9472CA96117ECC10139B13CC2A978A6BB80B9D44EC2044490541A733DB184,120
7317,57701,24-03-2021 08:14:05,0x885C9CDD02EE26879EBD64198761FD4CCE564BC8873A8C43588CB6C7CA924E9C,121
7336,48124,24-03-2021 09:16:04,0x8BDB884F8302EFC9B4792E98071EEC7BE79C1EDA4756C2D5D34CEB24EB1596C9,122
7360,58787,24-03-2021 13:27:37,0xB4A30604610ABEAEDB549B196F5D6A2630F5B19B1180EA80FDAA948DD91C3AE7,123
7370,56828,24-03-2021 19:47:57,0x9F8B812D65005453765B940CDF07BBB93225EF191BB744A043E05001BA8B0160,124
7374,48121,25-03-2021 06:54:24,0x456F8DA07E4514A9204F0EE22CA4EFC1CF231D5F2C2CADF3E39D99B2F73D0303,125
7375,48121,25-03-2021 06:54:35,0x27FA33F0154C58639A5D45D18698AB49FF59B35CBFAD31C7134C74D0C6703B12,126
7376,48121,25-03-2021 06:54:41,0x456F8DA07E4514A9204F0EE22CA4EFC1CF231D5F2C2CADF3E39D99B2F73D0303,127
7391,57765,25-03-2021 10:39:53,0x467AEA6EFC299799AD300AF8CB7CB1831CA07307A80C1A0140B99D3565ACE76B,128
7393,57774,25-03-2021 11:17:49,0x39A44C9FB1A45A1A0DFB8316E3A707D9D41AE1AE7FBEC9326D216D3C2F879D5C,129
7397,47719,25-03-2021 14:22:53,0x7DBDFF8A46947E085C6B29C147A7A065F0FC0E1C80A07D11DDAB489109B00149,130
7401,57701,25-03-2021 16:21:09,0x6EBA45BBC1B1C2DB1CD2C356EE952CEC64BCE955E0C6D0263C7A7F89E84C062D,131
7412,57604,26-03-2021 05:33:55,0xA8DB42C8271D177C9FAB244C5428D2AEFF5338357C8A3F1061263BEBFC804107,132
7417,57701,26-03-2021 08:23:13,0x885C9CDD02EE26879EBD64198761FD4CCE564BC8873A8C43588CB6C7CA924E9C,133
7425,57788,26-03-2021 14:11:11,0x142C9921F773080676B36E9B96942B613DF280B7BEA766FA2C89589AECAFD9A7,134
7427,48124,26-03-2021 17:42:24,0x369480DE9F1DA96C1A3E361357A3738181916C9E2285B08D73BA612370BB25FF,135
7462,48711,29-03-2021 08:34:57,0xFE13529929B0E78662CFBF6FC0416FC81910351D5E0855CD79619EAD4AED4BFE,136
7485,48711,29-03-2021 18:25:41,0x1FBCC4B1AA0F36AB9EDD68136F905C3E01D01235FAA7CE70EACB89E9243BA890,137
7497,48121,30-03-2021 07:27:29,0x27FA33F0154C58639A5D45D18698AB49FF59B35CBFAD31C7134C74D0C6703B12,138
7504,47504,30-03-2021 07:56:16,0xF65C9DCA09B8E55C69BF590E9614C322F6C614258994B3DDFB6BF503D618F324,139
7509,57835,30-03-2021 08:36:35,0x04CDC8AE2A57873E8166A46A5FBB1612122197DB5A95B5F8E8A7C3181494B0B5,140
7510,57835,30-03-2021 08:38:28,0xFBBBCC1C98424816D7DD4FBB05EFFE67FE7883CECD7F63E0CD644C992B3D3EF6,141
7511,57835,30-03-2021 08:38:31,0x1E58EE06491FF93198BDF28904128334DFEA5F7D3DF2FACA603D77FF4FD16A64,142
7522,57793,30-03-2021 10:48:29,0xBF3668B4B9040910389163CB16ABA8BD04DC56B895AE27D1D9E0600F7DC72ECC,143
7523,56715,30-03-2021 11:15:43,0x06BC0A3E95D0EE37686A19E5ACEEE52E942DA7F8D164A4CC25684739955566A3,144
7537,48124,30-03-2021 15:39:04,0x8BDB884F8302EFC9B4792E98071EEC7BE79C1EDA4756C2D5D34CEB24EB1596C9,145
7540,56827,30-03-2021 16:26:09,0x2171C7C91790188679D779230AE8AFB9046CD9798DF79493488AB6F6D7EAE919,146
7548,48172,30-03-2021 21:08:04,0x3D8617A496C27B389A3688D248E9AA5296180C6D63106CDB169D3C593CD2E9B0,147
7549,48172,30-03-2021 21:08:14,0x3D8617A496C27B389A3688D248E9AA5296180C6D63106CDB169D3C593CD2E9B0,148
7550,48172,30-03-2021 21:08:24,0x3D8617A496C27B389A3688D248E9AA5296180C6D63106CDB169D3C593CD2E9B0,149
7551,48172,30-03-2021 21:08:48,0x3D8617A496C27B389A3688D248E9AA5296180C6D63106CDB169D3C593CD2E9B0,150
6091,48047,04-02-2021 08:09:48,0xB041D6D948C8AF8421E5B6B43D42AC763C1BFFD4375D541D0BE642607544103B,151
6106,54602,04-02-2021 12:18:56,0x8E499AC23BCB2C32F6DC10398DFBA55A839BDB69455CB28427E280A889A19CCA,152
6115,54602,04-02-2021 16:28:58,0x2171C7C91790188679D779230AE8AFB9046CD9798DF79493488AB6F6D7EAE919,153
6130,55553,05-02-2021 08:21:10,0x885C9CDD02EE26879EBD64198761FD4CCE564BC8873A8C43588CB6C7CA924E9C,154
6205,48124,08-02-2021 21:53:14,0x8BDB884F8302EFC9B4792E98071EEC7BE79C1EDA4756C2D5D34CEB24EB1596C9,155
6217,55553,09-02-2021 08:24:55,0x6EBA45BBC1B1C2DB1CD2C356EE952CEC64BCE955E0C6D0263C7A7F89E84C062D,156
6231,54465,09-02-2021 12:15:02,0xE03A7A3CCAE1D7D3EC3D28921B638F9E43316813F285290B983C920AD44B688A,157
6239,54465,09-02-2021 16:54:48,0x3E238E63A3BA25A07440170441E9AF11737C578E92D4F679DFE92F2303F3FD1D,158
6247,56030,10-02-2021 07:54:52,0x06DF5828F2E73EDB4B9D0B4F7CB7E4475CDFF9621F7F65B17D07E30E7E495483,159
6249,55553,10-02-2021 08:17:40,0x885C9CDD02EE26879EBD64198761FD4CCE564BC8873A8C43588CB6C7CA924E9C,160
6257,54465,10-02-2021 12:49:21,0xE03A7A3CCAE1D7D3EC3D28921B638F9E43316813F285290B983C920AD44B688A,161
6259,55538,10-02-2021 12:55:37,0x5034A3B48914A328138E14D41B13FFF2FED2410FCD261065E94559CE48A3C243,162
6260,54465,10-02-2021 15:14:44,0x3E238E63A3BA25A07440170441E9AF11737C578E92D4F679DFE92F2303F3FD1D,163
6275,54602,11-02-2021 08:46:55,0x8E499AC23BCB2C32F6DC10398DFBA55A839BDB69455CB28427E280A889A19CCA,164
6285,54465,11-02-2021 14:21:17,0xE03A7A3CCAE1D7D3EC3D28921B638F9E43316813F285290B983C920AD44B688A,165
6289,54465,11-02-2021 21:23:40,0x3E238E63A3BA25A07440170441E9AF11737C578E92D4F679DFE92F2303F3FD1D,166
6291,48124,12-02-2021 07:08:39,0x369480DE9F1DA96C1A3E361357A3738181916C9E2285B08D73BA612370BB25FF,167
6308,56030,12-02-2021 12:36:20,0xE6062A7B500DAB65D746329B99D5AAEA86A0265CD83789D4587F4ECAD8472C87,168
6322,56030,14-02-2021 10:03:08,0x06DF5828F2E73EDB4B9D0B4F7CB7E4475CDFF9621F7F65B17D07E30E7E495483,169
6331,55474,15-02-2021 20:11:49,0x899D290F2CD5EE0FBD36CA92AAE612CD3781FD84F65E9C362DD56FED9FE2B412,170
6339,48516,16-02-2021 07:45:24,0x84DBB852222147A84D3F9A48C35BB3B4C0EA0BB9E579381FDC2A8ABACC63FF83,171
6366,55474,17-02-2021 05:20:57,0x1862D5BDFCA2CE95CBA7917F87C89D7519F59476E98C08ACB7B4A1F0E47FEC6C,172
6370,48516,17-02-2021 08:02:32,0x75D52C813C746CA07795D6421F6190438D2C24D605776D3CFF211190E155D144,173
6373,48047,17-02-2021 08:12:17,0x634B4678EE09397DDF9FF0D28F4178279D232B137C2725A9A61DB41B65104E76,174
6376,54602,17-02-2021 09:01:26,0x2171C7C91790188679D779230AE8AFB9046CD9798DF79493488AB6F6D7EAE919,175
6377,54602,17-02-2021 09:01:30,0x8E3DDEBF50AC493761797B05C220F6A96F6A61C751E38798F6C4D2A0552EF77A,176
6394,48124,17-02-2021 15:05:45,0x8BDB884F8302EFC9B4792E98071EEC7BE79C1EDA4756C2D5D34CEB24EB1596C9,177
6408,48047,18-02-2021 07:48:21,0xB041D6D948C8AF8421E5B6B43D42AC763C1BFFD4375D541D0BE642607544103B,178
6423,54465,18-02-2021 14:55:07,0xE03A7A3CCAE1D7D3EC3D28921B638F9E43316813F285290B983C920AD44B688A,179
6435,55482,18-02-2021 22:26:15,0x3CB442C009CF35F016210A5293AA60D4F9DB313D6FCCBAB3944406682DD28180,180
6437,55451,19-02-2021 07:22:14,0x7FE324C7E7A28C434C633D67DDF0D4FF1AD0753E86B8B92282194607E9EF8EED,181
6457,48124,19-02-2021 18:23:38,0x369480DE9F1DA96C1A3E361357A3738181916C9E2285B08D73BA612370BB25FF,182
6460,55482,20-02-2021 15:19:23,0x7C57298C7A853A0C818AA56EFB08356DBD2FAF10C9CDC37A95876D889FDA8E86,183
6463,54602,21-02-2021 16:01:30,0x8E3DDEBF50AC493761797B05C220F6A96F6A61C751E38798F6C4D2A0552EF77A,184
6470,54465,21-02-2021 23:23:20,0x3E238E63A3BA25A07440170441E9AF11737C578E92D4F679DFE92F2303F3FD1D,185
6471,55451,22-02-2021 05:23:58,0xA8DB42C8271D177C9FAB244C5428D2AEFF5338357C8A3F1061263BEBFC804107,186
6474,54637,22-02-2021 07:28:21,0x28FCFB509B93A588E64AEA202DD95E261DB52F13BB122915B6CF3DAACDC14C86,187
6507,48124,22-02-2021 21:30:31,0x8BDB884F8302EFC9B4792E98071EEC7BE79C1EDA4756C2D5D34CEB24EB1596C9,188
6508,48124,22-02-2021 23:45:57,0x369480DE9F1DA96C1A3E361357A3738181916C9E2285B08D73BA612370BB25FF,189
6509,55451,23-02-2021 05:23:49,0xA8DB42C8271D177C9FAB244C5428D2AEFF5338357C8A3F1061263BEBFC804107,190
6514,48516,23-02-2021 07:53:26,0x84DBB852222147A84D3F9A48C35BB3B4C0EA0BB9E579381FDC2A8ABACC63FF83,191
6520,48121,23-02-2021 08:47:57,0x27FA33F0154C58639A5D45D18698AB49FF59B35CBFAD31C7134C74D0C6703B12,192
6521,48121,23-02-2021 08:48:02,0x456F8DA07E4514A9204F0EE22CA4EFC1CF231D5F2C2CADF3E39D99B2F73D0303,193
6542,48124,23-02-2021 13:00:24,0x8BDB884F8302EFC9B4792E98071EEC7BE79C1EDA4756C2D5D34CEB24EB1596C9,194
6561,48516,24-02-2021 07:38:19,0x75D52C813C746CA07795D6421F6190438D2C24D605776D3CFF211190E155D144,195
6562,48047,24-02-2021 07:46:52,0x634B4678EE09397DDF9FF0D28F4178279D232B137C2725A9A61DB41B65104E76,196
6564,56030,24-02-2021 08:01:27,0xE6062A7B500DAB65D746329B99D5AAEA86A0265CD83789D4587F4ECAD8472C87,197
6565,48172,24-02-2021 08:01:47,0x3D8617A496C27B389A3688D248E9AA5296180C6D63106CDB169D3C593CD2E9B0,198
6566,48172,24-02-2021 08:01:55,0x64E87C73C29FC98891DCE4D471C4FBAE1CA84478037133EF64CB0DA906478358,199
6569,55553,24-02-2021 08:12:32,0x6EBA45BBC1B1C2DB1CD2C356EE952CEC64BCE955E0C6D0263C7A7F89E84C062D,200
5433,51961,13-01-2021 05:47:49,0x90E9472CA96117ECC10139B13CC2A978A6BB80B9D44EC2044490541A733DB184,201
5434,51961,13-01-2021 05:47:55,0x90E9472CA96117ECC10139B13CC2A978A6BB80B9D44EC2044490541A733DB184,202
5440,51882,13-01-2021 08:14:35,0x885C9CDD02EE26879EBD64198761FD4CCE564BC8873A8C43588CB6C7CA924E9C,203
5445,48496,13-01-2021 09:08:15,0xA1843E543D25DD5FEF30B50BD3D9F77F36E4364CF277FDB6EF6BD1BBD7DB63E4,204
5447,48496,13-01-2021 09:38:45,0xF343620C447212644A672CEC87EFC4B5FA0A373926BB19EFF43F38BEE1CF8F4C,205
5456,50831,13-01-2021 14:16:40,0x8E3DDEBF50AC493761797B05C220F6A96F6A61C751E38798F6C4D2A0552EF77A,206
5457,50831,13-01-2021 14:16:45,0x8E499AC23BCB2C32F6DC10398DFBA55A839BDB69455CB28427E280A889A19CCA,207
5478,53970,13-01-2021 16:49:32,0xD401A8AAA66D274023F692392BABC037DFCCDADBB1E2A490D84428ADCE4212A9,208
5482,51791,13-01-2021 20:54:19,0x875501B6EE3C16461B845A3A68D66ED03805908E5F74EB42A3B3D2D718746B14,209
5552,48124,15-01-2021 15:38:19,0x369480DE9F1DA96C1A3E361357A3738181916C9E2285B08D73BA612370BB25FF,210
5587,48124,18-01-2021 11:25:33,0x8BDB884F8302EFC9B4792E98071EEC7BE79C1EDA4756C2D5D34CEB24EB1596C9,211
5588,48124,18-01-2021 11:25:41,0x05628511E4FF481B8E60CAD3BD2DCF87A3875C52C8609E544F4D8FD62905BEC7,212
5603,48516,18-01-2021 16:58:01,0x75D52C813C746CA07795D6421F6190438D2C24D605776D3CFF211190E155D144,213
5634,50831,19-01-2021 17:15:50,0x8E499AC23BCB2C32F6DC10398DFBA55A839BDB69455CB28427E280A889A19CCA,214
5657,51772,20-01-2021 07:57:53,0xA8DB42C8271D177C9FAB244C5428D2AEFF5338357C8A3F1061263BEBFC804107,215
5666,48124,20-01-2021 11:56:51,0x05628511E4FF481B8E60CAD3BD2DCF87A3875C52C8609E544F4D8FD62905BEC7,216
5676,51772,20-01-2021 21:40:31,0xA8DB42C8271D177C9FAB244C5428D2AEFF5338357C8A3F1061263BEBFC804107,217
5699,50831,21-01-2021 15:52:40,0x8E3DDEBF50AC493761797B05C220F6A96F6A61C751E38798F6C4D2A0552EF77A,218
5720,51882,22-01-2021 08:13:37,0x6EBA45BBC1B1C2DB1CD2C356EE952CEC64BCE955E0C6D0263C7A7F89E84C062D,219
5724,50723,22-01-2021 08:59:45,0xE03A7A3CCAE1D7D3EC3D28921B638F9E43316813F285290B983C920AD44B688A,220
5742,50723,22-01-2021 15:02:56,0x3E238E63A3BA25A07440170441E9AF11737C578E92D4F679DFE92F2303F3FD1D,221
5752,50723,23-01-2021 12:00:10,0xE03A7A3CCAE1D7D3EC3D28921B638F9E43316813F285290B983C920AD44B688A,222
5753,50723,23-01-2021 12:00:17,0xE03A7A3CCAE1D7D3EC3D28921B638F9E43316813F285290B983C920AD44B688A,223
5757,50723,23-01-2021 18:03:30,0x3E238E63A3BA25A07440170441E9AF11737C578E92D4F679DFE92F2303F3FD1D,224
5767,51882,25-01-2021 08:25:22,0x885C9CDD02EE26879EBD64198761FD4CCE564BC8873A8C43588CB6C7CA924E9C,225
5779,50831,25-01-2021 12:03:16,0x8E499AC23BCB2C32F6DC10398DFBA55A839BDB69455CB28427E280A889A19CCA,226
5782,47653,25-01-2021 13:19:24,0x73DA4BB0788482F9159700BFDF0BFD66D5EC94456EF9471F30D010D73137F8D1,227
5794,51882,26-01-2021 07:59:12,0x6EBA45BBC1B1C2DB1CD2C356EE952CEC64BCE955E0C6D0263C7A7F89E84C062D,228
5803,48124,26-01-2021 09:11:19,0x8BDB884F8302EFC9B4792E98071EEC7BE79C1EDA4756C2D5D34CEB24EB1596C9,229
5870,51882,28-01-2021 08:17:55,0x885C9CDD02EE26879EBD64198761FD4CCE564BC8873A8C43588CB6C7CA924E9C,230
5872,48047,28-01-2021 08:19:31,0xB041D6D948C8AF8421E5B6B43D42AC763C1BFFD4375D541D0BE642607544103B,231
5894,51772,29-01-2021 05:00:55,0x7FE324C7E7A28C434C633D67DDF0D4FF1AD0753E86B8B92282194607E9EF8EED,232
5900,51882,29-01-2021 08:19:09,0x6EBA45BBC1B1C2DB1CD2C356EE952CEC64BCE955E0C6D0263C7A7F89E84C062D,233
5903,52040,29-01-2021 09:02:29,0x04CDC8AE2A57873E8166A46A5FBB1612122197DB5A95B5F8E8A7C3181494B0B5,234
5930,48124,29-01-2021 12:41:31,0x369480DE9F1DA96C1A3E361357A3738181916C9E2285B08D73BA612370BB25FF,235
5941,50831,29-01-2021 16:54:24,0x3CBFA891F83B6084D99EF8999E26823C5710C34F32305A1B4217B929D679A37F,236
5944,54550,29-01-2021 20:37:51,0x2D621C0246E81837F83FB682ACE897F052250318D011BFF59C7BA77B73C54089,237
5950,53728,31-01-2021 21:32:04,0x57252C00AC43EC2C40E1710A0C77C6C6F95C1397EA435A3B59B02D260769F638,238
5956,48516,01-02-2021 07:36:59,0x84DBB852222147A84D3F9A48C35BB3B4C0EA0BB9E579381FDC2A8ABACC63FF83,239
5975,48047,01-02-2021 12:42:26,0x634B4678EE09397DDF9FF0D28F4178279D232B137C2725A9A61DB41B65104E76,240
6011,55583,02-02-2021 07:43:33,0x6AA7FF61C2422A23656F6612BBBEE85A137824A7306AA0BF4A1AE3CE33CC4423,241
6026,54542,02-02-2021 10:34:43,0x06BC0A3E95D0EE37686A19E5ACEEE52E942DA7F8D164A4CC25684739955566A3,242
6044,55567,03-02-2021 06:35:00,0xA90BA60C2F5E5CCEF2A8914D646CF45F202368F49A2EC3634E66195C0D31B30A,243
6046,54637,03-02-2021 07:15:24,0x1DF150ABD08E07CAAAEC300EBBC9BA588B71FB8369AF8F4530D03C031330F137,244
6048,48516,03-02-2021 07:48:19,0x75D52C813C746CA07795D6421F6190438D2C24D605776D3CFF211190E155D144,245
6051,54542,03-02-2021 08:24:33,0xD8CA7162298A6B7A6B9480E462E5295433944547D74A7B08233973AF4B6CAEB4,246
6059,54998,03-02-2021 12:04:03,0xFA36F899CB91DC8F744BBA7F1054DA0E2A1FF7C531C1B1CBB413F6D583AEA729,247
6083,55567,04-02-2021 06:25:00,0xBF50A72502C89AC26C91B8BC6FB7A159880F453C9174487F5419F439F63CE6A6,248
6088,55583,04-02-2021 07:36:37,0xFA14589E804D9E1EB8FA78CF89457C0DCB0B04158E3BD9159151D35B37C0876C,249
6089,55583,04-02-2021 07:38:38,0xFA14589E804D9E1EB8FA78CF89457C0DCB0B04158E3BD9159151D35B37C0876C,250
6570,48440,24-02-2021 08:38:22,0x9E1CF4CD236EE07241ADA7DB7A62BFA674EDB657649148FD339B42723756EA60,251
6571,48440,24-02-2021 08:38:33,0x9E1CF4CD236EE07241ADA7DB7A62BFA674EDB657649148FD339B42723756EA60,252
6572,48440,24-02-2021 08:38:47,0x9E1CF4CD236EE07241ADA7DB7A62BFA674EDB657649148FD339B42723756EA60,253
6573,55697,24-02-2021 08:39:26,0x1301DB145F8A62F24DB8FEBC8C47141F6D64486DF52D288EF9EE84485D2B5BCD,254
6574,48440,24-02-2021 08:41:29,0x9E1CF4CD236EE07241ADA7DB7A62BFA674EDB657649148FD339B42723756EA60,255
6589,48440,24-02-2021 20:49:20,0x8BD35EF56821E0EECDF6E499C66FBBC91DB482552F43C702B3F798FE66D27283,256
6596,55553,25-02-2021 08:09:05,0x885C9CDD02EE26879EBD64198761FD4CCE564BC8873A8C43588CB6C7CA924E9C,257
6598,48124,25-02-2021 08:21:26,0x8E3DDEBF50AC493761797B05C220F6A96F6A61C751E38798F6C4D2A0552EF77A,258
6688,48047,01-03-2021 07:50:38,0xB041D6D948C8AF8421E5B6B43D42AC763C1BFFD4375D541D0BE642607544103B,259
6736,56827,01-03-2021 16:16:14,0x8E499AC23BCB2C32F6DC10398DFBA55A839BDB69455CB28427E280A889A19CCA,260
6747,57604,02-03-2021 05:17:54,0x7FE324C7E7A28C434C633D67DDF0D4FF1AD0753E86B8B92282194607E9EF8EED,261
6761,57671,02-03-2021 09:07:32,0x0ADE59806D6F1F074F0ADAE527BFA688224A9A276918E6FF9690BCA0FC96B443,262
6771,57835,02-03-2021 09:30:23,0x1301DB145F8A62F24DB8FEBC8C47141F6D64486DF52D288EF9EE84485D2B5BCD,263
6790,56827,02-03-2021 15:45:43,0x8E3DDEBF50AC493761797B05C220F6A96F6A61C751E38798F6C4D2A0552EF77A,264
6791,56827,02-03-2021 15:45:48,0x8E3DDEBF50AC493761797B05C220F6A96F6A61C751E38798F6C4D2A0552EF77A,265
6801,57701,03-03-2021 08:19:24,0x6EBA45BBC1B1C2DB1CD2C356EE952CEC64BCE955E0C6D0263C7A7F89E84C062D,266
6808,57671,03-03-2021 11:00:51,0xAD9935152E14D6A24B3428992A89E80D25680CA87FD5A95F5BDC25B2443F0066,267
6809,48124,03-03-2021 11:17:11,0x8BDB884F8302EFC9B4792E98071EEC7BE79C1EDA4756C2D5D34CEB24EB1596C9,268
6827,57701,04-03-2021 08:12:31,0x885C9CDD02EE26879EBD64198761FD4CCE564BC8873A8C43588CB6C7CA924E9C,269
6852,56730,04-03-2021 19:53:02,0xE03A7A3CCAE1D7D3EC3D28921B638F9E43316813F285290B983C920AD44B688A,270
6885,56827,05-03-2021 16:35:55,0x8E499AC23BCB2C32F6DC10398DFBA55A839BDB69455CB28427E280A889A19CCA,271
6894,48124,07-03-2021 17:39:06,0x369480DE9F1DA96C1A3E361357A3738181916C9E2285B08D73BA612370BB25FF,272
6901,48516,08-03-2021 07:36:12,0x84DBB852222147A84D3F9A48C35BB3B4C0EA0BB9E579381FDC2A8ABACC63FF83,273
6910,48047,08-03-2021 08:06:31,0x634B4678EE09397DDF9FF0D28F4178279D232B137C2725A9A61DB41B65104E76,274
6920,53749,08-03-2021 11:10:07,0x45C7979EB938382E1CDB85BF5A9EFA2E482DA7F1C4EFB9081319409A4641708E,275
6944,57701,09-03-2021 08:20:18,0x6EBA45BBC1B1C2DB1CD2C356EE952CEC64BCE955E0C6D0263C7A7F89E84C062D,276
6965,57604,10-03-2021 05:14:36,0xA8DB42C8271D177C9FAB244C5428D2AEFF5338357C8A3F1061263BEBFC804107,277
6966,57604,10-03-2021 05:15:03,0x7FE324C7E7A28C434C633D67DDF0D4FF1AD0753E86B8B92282194607E9EF8EED,278
6970,57701,10-03-2021 08:20:43,0x885C9CDD02EE26879EBD64198761FD4CCE564BC8873A8C43588CB6C7CA924E9C,279
6977,56730,10-03-2021 12:43:05,0x8E626D6B84D467A907889E950F52778ECD0263CC4016599F29B186E0CF818E5E,280
6988,56827,10-03-2021 15:32:18,0x8E3DDEBF50AC493761797B05C220F6A96F6A61C751E38798F6C4D2A0552EF77A,281
7001,48047,11-03-2021 08:03:24,0xB041D6D948C8AF8421E5B6B43D42AC763C1BFFD4375D541D0BE642607544103B,282
7002,48074,11-03-2021 08:04:48,0x14917CBDDF7340F9A7A3B10E7186A4EE37F26E5A57B1DB922E326A2F79874E27,283
7008,56827,11-03-2021 09:25:39,0x8E499AC23BCB2C32F6DC10398DFBA55A839BDB69455CB28427E280A889A19CCA,284
7017,56827,11-03-2021 12:21:24,0x2171C7C91790188679D779230AE8AFB9046CD9798DF79493488AB6F6D7EAE919,285
7021,48124,11-03-2021 12:48:16,0x369480DE9F1DA96C1A3E361357A3738181916C9E2285B08D73BA612370BB25FF,286
7070,58222,15-03-2021 07:55:04,0x8788DCAA6605FBD82DF6F2F1CB88D80DB2CA590CB67DD06236E39B8AC6C875F0,287
7086,57687,15-03-2021 13:06:36,0x5BA637A64938997F1AC59C31FF2C99510276918DA9879D770358BBA78A393371,288
7093,48440,15-03-2021 14:38:09,0x9E1CF4CD236EE07241ADA7DB7A62BFA674EDB657649148FD339B42723756EA60,289
7094,56827,15-03-2021 15:54:19,0x8E499AC23BCB2C32F6DC10398DFBA55A839BDB69455CB28427E280A889A19CCA,290
7109,56827,16-03-2021 08:35:51,0x2171C7C91790188679D779230AE8AFB9046CD9798DF79493488AB6F6D7EAE919,291
7118,48124,16-03-2021 15:10:15,0x8BDB884F8302EFC9B4792E98071EEC7BE79C1EDA4756C2D5D34CEB24EB1596C9,292
7161,56861,17-03-2021 14:41:27,0x25F50B6B92BBC5BB8D9AA9C7F806C26EAD5EF011CFA1447E43AAB976D71075A0,293
7165,48440,17-03-2021 16:11:20,0x8BD35EF56821E0EECDF6E499C66FBBC91DB482552F43C702B3F798FE66D27283,294
7175,48130,18-03-2021 06:25:05,0xB2B917B122F1C232B6B7618B46CCDCE6B1EE22A868014EFDC019F4C98A68C724,295
7176,48130,18-03-2021 06:25:16,0xB2B917B122F1C232B6B7618B46CCDCE6B1EE22A868014EFDC019F4C98A68C724,296
7179,48130,18-03-2021 07:40:42,0xB2B917B122F1C232B6B7618B46CCDCE6B1EE22A868014EFDC019F4C98A68C724,297
7183,48074,18-03-2021 08:20:49,0xA9B67C6A5C592B5CE4DD1E0AD514763C2607D2E2CFB9C717489ECE6ED2E374A0,298
7184,48711,18-03-2021 08:21:20,0xFE13529929B0E78662CFBF6FC0416FC81910351D5E0855CD79619EAD4AED4BFE,299
7188,47708,18-03-2021 09:34:47,0xACB7032230C6FEB4F55BCB282A07E1650D0AC9273080356BFF06C80841E93619,300
7552,48172,30-03-2021 21:08:56,0x3D8617A496C27B389A3688D248E9AA5296180C6D63106CDB169D3C593CD2E9B0,301
7553,48172,30-03-2021 21:09:09,0x3D8617A496C27B389A3688D248E9AA5296180C6D63106CDB169D3C593CD2E9B0,302
7554,48172,30-03-2021 21:09:36,0x3D8617A496C27B389A3688D248E9AA5296180C6D63106CDB169D3C593CD2E9B0,303
7555,48172,30-03-2021 21:10:49,0x3D8617A496C27B389A3688D248E9AA5296180C6D63106CDB169D3C593CD2E9B0,304
7556,48172,30-03-2021 21:11:34,0x3D8617A496C27B389A3688D248E9AA5296180C6D63106CDB169D3C593CD2E9B0,305
7557,48172,30-03-2021 21:13:23,0x3D8617A496C27B389A3688D248E9AA5296180C6D63106CDB169D3C593CD2E9B0,306
7569,57604,31-03-2021 08:08:23,0x7FE324C7E7A28C434C633D67DDF0D4FF1AD0753E86B8B92282194607E9EF8EED,307
7584,57835,31-03-2021 09:16:34,0x1E58EE06491FF93198BDF28904128334DFEA5F7D3DF2FACA603D77FF4FD16A64,308
7585,57835,31-03-2021 09:16:38,0x04CDC8AE2A57873E8166A46A5FBB1612122197DB5A95B5F8E8A7C3181494B0B5,309
7607,48124,31-03-2021 15:48:47,0x8E3DDEBF50AC493761797B05C220F6A96F6A61C751E38798F6C4D2A0552EF77A,310
7628,48121,01-04-2021 07:26:40,0x456F8DA07E4514A9204F0EE22CA4EFC1CF231D5F2C2CADF3E39D99B2F73D0303,311
7629,48121,01-04-2021 07:26:59,0x27FA33F0154C58639A5D45D18698AB49FF59B35CBFAD31C7134C74D0C6703B12,312
7630,48121,01-04-2021 07:27:12,0x456F8DA07E4514A9204F0EE22CA4EFC1CF231D5F2C2CADF3E39D99B2F73D0303,313
7636,48047,01-04-2021 08:04:18,0x634B4678EE09397DDF9FF0D28F4178279D232B137C2725A9A61DB41B65104E76,314
7639,59878,01-04-2021 08:09:09,0x6EBA45BBC1B1C2DB1CD2C356EE952CEC64BCE955E0C6D0263C7A7F89E84C062D,315
7687,58875,03-04-2021 17:58:43,0x15F4F89304F92860C5A7F8440D01ACCA939844DF68D90B8F478385F6710F947B,316
7688,58875,03-04-2021 18:03:14,0x15F4F89304F92860C5A7F8440D01ACCA939844DF68D90B8F478385F6710F947B,317
7703,48124,05-04-2021 19:28:56,0x8BDB884F8302EFC9B4792E98071EEC7BE79C1EDA4756C2D5D34CEB24EB1596C9,318
7720,48172,06-04-2021 08:17:23,0x64E87C73C29FC98891DCE4D471C4FBAE1CA84478037133EF64CB0DA906478358,319
7733,59054,06-04-2021 09:08:22,0x8E499AC23BCB2C32F6DC10398DFBA55A839BDB69455CB28427E280A889A19CCA,320
7737,60626,06-04-2021 10:35:19,0xAD9935152E14D6A24B3428992A89E80D25680CA87FD5A95F5BDC25B2443F0066,321
7750,59878,06-04-2021 15:21:07,0x885C9CDD02EE26879EBD64198761FD4CCE564BC8873A8C43588CB6C7CA924E9C,322
7754,59827,06-04-2021 16:25:31,0x3810343EC8B7756D1750407F04FF8B065D109904B99467DA7E4DFB6116622D42,323
7786,60768,07-04-2021 11:00:58,0x3BD18342AFE20518880281DCC5E2642D7C49C2E6CDDF1C2A66E909EFA8931ABE,324
7791,48172,07-04-2021 12:51:44,0x3D8617A496C27B389A3688D248E9AA5296180C6D63106CDB169D3C593CD2E9B0,325
7808,60768,08-04-2021 07:59:59,0x611E728DC6F9067E081E2F9157BBB5BDECCF8EB079ECB12C547ABF2195BB25B7,326
7812,48047,08-04-2021 08:12:10,0xB041D6D948C8AF8421E5B6B43D42AC763C1BFFD4375D541D0BE642607544103B,327
7819,60542,08-04-2021 12:44:36,0x3363FC31B6B60602E0BDE26F8507E458F4893310DF35919A98B81FA88BB110CF,328
7820,59784,08-04-2021 12:53:58,0xD5D22A551C813537810339712FC3481C580E8E50E7C042A922BC50107F38887E,329
7821,48172,08-04-2021 13:15:27,0x64E87C73C29FC98891DCE4D471C4FBAE1CA84478037133EF64CB0DA906478358,330
7824,60103,08-04-2021 14:18:30,0xF42EF06B4DAAD64256A7EA5DD6D2881F247CF88321E17AEF9DB58B1E2D9A2604,331
7827,53967,08-04-2021 16:15:11,0xB9C350FE79DF4B5084FF031BA698B811584D8934F6E09DC1771290B7A5A234B2,332
7828,48172,08-04-2021 16:23:58,0x3D8617A496C27B389A3688D248E9AA5296180C6D63106CDB169D3C593CD2E9B0,333
7835,60542,08-04-2021 23:21:27,0xB2E033ECE690E1E1359853785CC9F137DB02A7E8C62B02D26DE6EF4980AD624C,334
7837,59970,09-04-2021 06:32:45,0x244C1511D97FE598931BCDF8F5D476F8866EC88AD5AABB9A2B7C9918A2E1A727,335
7840,48172,09-04-2021 07:46:04,0x3D8617A496C27B389A3688D248E9AA5296180C6D63106CDB169D3C593CD2E9B0,336
7843,59878,09-04-2021 08:14:37,0x6EBA45BBC1B1C2DB1CD2C356EE952CEC64BCE955E0C6D0263C7A7F89E84C062D,337
7844,48047,09-04-2021 08:19:29,0x634B4678EE09397DDF9FF0D28F4178279D232B137C2725A9A61DB41B65104E76,338
7853,59783,09-04-2021 13:06:35,0xA8DB42C8271D177C9FAB244C5428D2AEFF5338357C8A3F1061263BEBFC804107,339
7856,48124,09-04-2021 15:52:27,0x369480DE9F1DA96C1A3E361357A3738181916C9E2285B08D73BA612370BB25FF,340
7861,60103,09-04-2021 20:31:42,0x4D17885F5DD25959E0A9765F8423DA4B370ACF9F1323BCCC220F5BA9D016166C,341
7869,59784,11-04-2021 19:40:30,0xE6DDB98BE97F3AA209180AC472932FD2EFCE09F99E8B9C0028685AD025D29442,342
7875,59783,12-04-2021 05:05:26,0x7FE324C7E7A28C434C633D67DDF0D4FF1AD0753E86B8B92282194607E9EF8EED,343
7879,48072,12-04-2021 07:39:02,0xB1C0708EB86ED499B9CF8DE927825E5AECAE6A26496B20F364AFD94FEFA7DA9E,344
7885,59878,12-04-2021 08:18:18,0x885C9CDD02EE26879EBD64198761FD4CCE564BC8873A8C43588CB6C7CA924E9C,345
7886,59878,12-04-2021 08:18:22,0x885C9CDD02EE26879EBD64198761FD4CCE564BC8873A8C43588CB6C7CA924E9C,346
7909,48124,12-04-2021 12:11:49,0x8BDB884F8302EFC9B4792E98071EEC7BE79C1EDA4756C2D5D34CEB24EB1596C9,347
7910,59056,12-04-2021 12:50:54,0xD23C2DD08DFA23014337E991ACF60149170D0556352EA1E4299060DB36833DF5,348
7920,59056,12-04-2021 18:44:38,0xDBFAE8FF0BC1F3CE7AD77A716C6854B59DE73D5A5A51270811544AA031848E63,349
7924,48130,13-04-2021 06:27:43,0x466569C6744536A41DFA506ABF30590E054A301C698B1EDD116B5FD26EE73AF3,350
4671,48732,04-12-2020 15:22:51,0x91F804C55D2E379AF9063A5096F92B6DABDB88F5B320937933C07DC5D5EB40A1,351
4678,49780,04-12-2020 18:17:28,0xA8DB42C8271D177C9FAB244C5428D2AEFF5338357C8A3F1061263BEBFC804107,352
4679,49780,05-12-2020 09:06:02,0xA8DB42C8271D177C9FAB244C5428D2AEFF5338357C8A3F1061263BEBFC804107,353
4680,47660,05-12-2020 13:51:02,0x2A9156F94DF057FF0F68FF74F15DB6D4C3EE379DA62648AF84E172C040AE67A5,354
4681,48989,05-12-2020 15:07:33,0xE03A7A3CCAE1D7D3EC3D28921B638F9E43316813F285290B983C920AD44B688A,355
4682,48989,05-12-2020 16:53:00,0x3E238E63A3BA25A07440170441E9AF11737C578E92D4F679DFE92F2303F3FD1D,356
4685,49990,06-12-2020 04:02:22,0x32AA1BA3126B4C499F54A0AD398A371DA316A7ECAC46799E5B75EA82F88E73C4,357
4686,49990,06-12-2020 04:02:44,0x32AA1BA3126B4C499F54A0AD398A371DA316A7ECAC46799E5B75EA82F88E73C4,358
4697,48785,07-12-2020 07:22:57,0x1DF150ABD08E07CAAAEC300EBBC9BA588B71FB8369AF8F4530D03C031330F137,359
4698,48785,07-12-2020 07:26:34,0x91C3606B61CCD968A32174568929865A72936BC70333FD863DF6ED17ED4CB3AB,360
4700,49912,07-12-2020 07:34:21,0xA94EC7D13B7178EA478BCC090BCA80C483454060365ABF407CCF540DA77F9CE4,361
4706,49879,07-12-2020 08:14:24,0x7C921E0CDC8D867B81258A3AE4AC1F2B43270A446A867D281D5EBA10C353B0DA,362
4708,48418,07-12-2020 08:21:06,0x2FEBDFE67FCC6426E4DFABFAA9E7D3C575D2D4961529EEB168350D1E76FB309D,363
4709,48047,07-12-2020 08:21:13,0x634B4678EE09397DDF9FF0D28F4178279D232B137C2725A9A61DB41B65104E76,364
4715,48124,07-12-2020 09:30:01,0x8BDB884F8302EFC9B4792E98071EEC7BE79C1EDA4756C2D5D34CEB24EB1596C9,365
4724,48735,07-12-2020 12:32:27,0x8E499AC23BCB2C32F6DC10398DFBA55A839BDB69455CB28427E280A889A19CCA,366
4727,49979,07-12-2020 15:09:48,0x3AFE1F5E3D937A3CB343007D0F257BDC16FE6047D5C71D20ACE06805C2EF031B,367
4735,48785,08-12-2020 07:17:35,0x1DF150ABD08E07CAAAEC300EBBC9BA588B71FB8369AF8F4530D03C031330F137,368
4747,48121,08-12-2020 10:29:58,0x456F8DA07E4514A9204F0EE22CA4EFC1CF231D5F2C2CADF3E39D99B2F73D0303,369
4748,48121,08-12-2020 10:30:43,0x27FA33F0154C58639A5D45D18698AB49FF59B35CBFAD31C7134C74D0C6703B12,370
4749,48121,08-12-2020 10:30:51,0x456F8DA07E4514A9204F0EE22CA4EFC1CF231D5F2C2CADF3E39D99B2F73D0303,371
4754,48737,08-12-2020 14:13:15,0xD23C2DD08DFA23014337E991ACF60149170D0556352EA1E4299060DB36833DF5,372
4756,48418,08-12-2020 16:35:56,0x9E9D2FFA81A8C9671AEBBE7E6E3001371834AC3AEE90835A431FA85B70F0DBB3,373
4757,48737,08-12-2020 16:39:38,0x9F8B812D65005453765B940CDF07BBB93225EF191BB744A043E05001BA8B0160,374
4759,48172,08-12-2020 17:46:12,0x3D8617A496C27B389A3688D248E9AA5296180C6D63106CDB169D3C593CD2E9B0,375
4760,48989,08-12-2020 18:17:55,0xE03A7A3CCAE1D7D3EC3D28921B638F9E43316813F285290B983C920AD44B688A,376
4765,48989,08-12-2020 22:19:55,0x3E238E63A3BA25A07440170441E9AF11737C578E92D4F679DFE92F2303F3FD1D,377
4774,48003,09-12-2020 10:14:28,0x45E91AA786944487CA736FF8CDD7FD39BD2BA64C74A718A7951BB128A3F22229,378
4779,48418,09-12-2020 13:05:40,0x2FEBDFE67FCC6426E4DFABFAA9E7D3C575D2D4961529EEB168350D1E76FB309D,379
4787,48590,09-12-2020 14:55:28,0x0CFCE67410DE9075A991DB95C85C3318B39B4437F8E476E972426F992ECC0632,380
4788,48590,09-12-2020 14:56:43,0x03F3BFF61D0991C2A2E97963661423856A3881B108B394B9CAD487222752F028,381
4790,47686,09-12-2020 17:12:13,0x9BEA4DC42D4F66FF94C0D4846E4FBE7A47DCD79C536A3E764870636FCA2DC40C,382
4792,48172,09-12-2020 18:58:30,0x64E87C73C29FC98891DCE4D471C4FBAE1CA84478037133EF64CB0DA906478358,383
4797,48785,10-12-2020 07:24:01,0x91C3606B61CCD968A32174568929865A72936BC70333FD863DF6ED17ED4CB3AB,384
4803,49896,10-12-2020 08:16:39,0x885C9CDD02EE26879EBD64198761FD4CCE564BC8873A8C43588CB6C7CA924E9C,385
4808,48590,10-12-2020 09:40:14,0x515C3E47C0FC7AC38D7C52200CCB0C6968FD4B6ACE2BE6E7AF329896E1B1B38C,386
4812,48003,10-12-2020 10:26:29,0x1CD64BD1B1E649F41BC3130260E97730E9D929CFA002E1BF3068016AF1FB7501,387
4824,48735,10-12-2020 15:14:27,0x8E3DDEBF50AC493761797B05C220F6A96F6A61C751E38798F6C4D2A0552EF77A,388
4826,48124,10-12-2020 16:49:11,0x369480DE9F1DA96C1A3E361357A3738181916C9E2285B08D73BA612370BB25FF,389
4827,48124,10-12-2020 16:49:22,0x8BDB884F8302EFC9B4792E98071EEC7BE79C1EDA4756C2D5D34CEB24EB1596C9,390
4831,47686,10-12-2020 19:17:45,0x7852DFD60E04EA0990328F896E7602FBBBF9FCBB6A6F28BD6A311419585BF3BE,391
4837,48785,11-12-2020 07:48:26,0x1DF150ABD08E07CAAAEC300EBBC9BA588B71FB8369AF8F4530D03C031330F137,392
4871,48070,11-12-2020 17:05:52,0x76D90AA6E6190252C48405B080F6B088D6D6D95A128B272A9DF86810B3B50C94,393
4877,47660,13-12-2020 18:22:30,0x8115CF4409D74708FF6F77248432F707C2B74D78C2E80D17EBAB5245DBDF913D,394
4880,48785,14-12-2020 07:29:27,0x91C3606B61CCD968A32174568929865A72936BC70333FD863DF6ED17ED4CB3AB,395
4902,48549,14-12-2020 12:53:01,0xCCD40CCB26F9CDE6AB4E923055ABBA913CA0CA30F81A78FBE15D554905E61D53,396
4907,48735,14-12-2020 16:11:26,0x8E499AC23BCB2C32F6DC10398DFBA55A839BDB69455CB28427E280A889A19CCA,397
4912,47660,15-12-2020 08:05:35,0x36048AA1039E6216BAD7EB2B6374EBAEEA3A0CC75781C67711B59B65E87BD8F8,398
4923,49896,15-12-2020 09:38:14,0x6EBA45BBC1B1C2DB1CD2C356EE952CEC64BCE955E0C6D0263C7A7F89E84C062D,399
4924,49929,15-12-2020 12:48:08,0xFA14589E804D9E1EB8FA78CF89457C0DCB0B04158E3BD9159151D35B37C0876C,400
8781,48121,07-05-2021 07:16:35,0x456F8DA07E4514A9204F0EE22CA4EFC1CF231D5F2C2CADF3E39D99B2F73D0303,401
7925,48130,13-04-2021 06:27:48,0x466569C6744536A41DFA506ABF30590E054A301C698B1EDD116B5FD26EE73AF3,402
8782,48121,07-05-2021 07:16:42,0x27FA33F0154C58639A5D45D18698AB49FF59B35CBFAD31C7134C74D0C6703B12,403
8787,48073,07-05-2021 08:05:20,0xB1C0708EB86ED499B9CF8DE927825E5AECAE6A26496B20F364AFD94FEFA7DA9E,404
8806,62527,07-05-2021 10:02:01,0x875501B6EE3C16461B845A3A68D66ED03805908E5F74EB42A3B3D2D718746B14,405
7929,48121,13-04-2021 07:07:42,0x27FA33F0154C58639A5D45D18698AB49FF59B35CBFAD31C7134C74D0C6703B12,406
8825,48089,07-05-2021 14:00:06,0x2E85C1E9BE43A041D797FE2381BB97A39C86178605F853CF71B1EF90A8722C79,407
7935,48172,13-04-2021 07:45:11,0xDF43E4453EFF0D27BA7CF4AEB67BBAD3994A82AFA07EF46F6CE65A415C022CB5,408
8831,61831,07-05-2021 16:31:58,0x3CBFA891F83B6084D99EF8999E26823C5710C34F32305A1B4217B929D679A37F,409
7940,48047,13-04-2021 07:53:37,0xB041D6D948C8AF8421E5B6B43D42AC763C1BFFD4375D541D0BE642607544103B,410
8832,61831,07-05-2021 16:32:01,0x8E499AC23BCB2C32F6DC10398DFBA55A839BDB69455CB28427E280A889A19CCA,411
7941,59878,13-04-2021 08:05:44,0x6EBA45BBC1B1C2DB1CD2C356EE952CEC64BCE955E0C6D0263C7A7F89E84C062D,412
8859,48121,10-05-2021 07:18:59,0x456F8DA07E4514A9204F0EE22CA4EFC1CF231D5F2C2CADF3E39D99B2F73D0303,413
7945,48549,13-04-2021 08:14:37,0xB5CDC0105CE156F942B860CB607E9C6D9D389A14380D80F0892066D81D1F1F2F,414
8860,48121,10-05-2021 07:19:18,0x27FA33F0154C58639A5D45D18698AB49FF59B35CBFAD31C7134C74D0C6703B12,415
7956,48172,13-04-2021 12:27:47,0x3D8617A496C27B389A3688D248E9AA5296180C6D63106CDB169D3C593CD2E9B0,416
8865,61864,10-05-2021 07:37:01,0x5968242953ACCD6EE96DD992918F79FF6238ABC21060ED701A2C1BA1224BB2EE,417
7995,59878,14-04-2021 08:21:33,0x885C9CDD02EE26879EBD64198761FD4CCE564BC8873A8C43588CB6C7CA924E9C,418
8866,61864,10-05-2021 07:37:05,0x91C3606B61CCD968A32174568929865A72936BC70333FD863DF6ED17ED4CB3AB,419
7996,59878,14-04-2021 08:21:38,0x885C9CDD02EE26879EBD64198761FD4CCE564BC8873A8C43588CB6C7CA924E9C,420
8378,50060,26-04-2021 07:14:59,0xCF34F70F75047213E9CD0559891FFCE656BBBBABDE4ADA0D1697A157C941E6B8,421
8869,48516,10-05-2021 07:50:45,0x84DBB852222147A84D3F9A48C35BB3B4C0EA0BB9E579381FDC2A8ABACC63FF83,422
8899,48070,10-05-2021 21:57:52,0x76D90AA6E6190252C48405B080F6B088D6D6D95A128B272A9DF86810B3B50C94,423
8900,62561,11-05-2021 06:13:30,0xD6C10ED8A44BC417A1788FB672EC161435AAF26B3229C98D8BD86E959EB4487D,424
8904,63288,11-05-2021 07:22:52,0x3FE03CA39ADA61FF07FD4587DD72906E7EBC8220C5570E39D8CF4E724FF16FBE,425
8906,48121,11-05-2021 07:34:39,0x456F8DA07E4514A9204F0EE22CA4EFC1CF231D5F2C2CADF3E39D99B2F73D0303,426
8912,62602,11-05-2021 08:24:33,0x885C9CDD02EE26879EBD64198761FD4CCE564BC8873A8C43588CB6C7CA924E9C,427
8954,62602,12-05-2021 08:21:20,0x6EBA45BBC1B1C2DB1CD2C356EE952CEC64BCE955E0C6D0263C7A7F89E84C062D,428
8977,48121,13-05-2021 07:06:04,0x27FA33F0154C58639A5D45D18698AB49FF59B35CBFAD31C7134C74D0C6703B12,429
8978,61864,13-05-2021 07:08:38,0x91C3606B61CCD968A32174568929865A72936BC70333FD863DF6ED17ED4CB3AB,430
9020,63288,13-05-2021 15:53:02,0x6A6E8324833DBCDA2B952AD6B1043D799D38451DE5695492A78BED211444B566,431
9038,47674,14-05-2021 07:47:53,0xA536C6FA2860D0E96533C7CA3A30BAFA586FCD08303FE813C4E78C419956FFB8,432
9040,48047,14-05-2021 08:04:23,0xB041D6D948C8AF8421E5B6B43D42AC763C1BFFD4375D541D0BE642607544103B,433
9056,47708,14-05-2021 10:37:55,0x0B8218F4144BCDB6DE2733AFBE510E79A9B5E4AE4D35A7C61F59D6B2F7D7FEAE,434
9057,47708,14-05-2021 10:41:08,0x01A01332741F4C9978A4F3FAF3EB682B440D12FF02C8641D63AD27A631DBEA05,435
9110,50060,15-05-2021 10:08:03,0x45CDB4F9B8DA5A3B876CA310457871F4B6009B0BC1A6DD1A19623DFBD2673A2B,436
9128,48139,17-05-2021 06:59:48,0xFED5EEB0A020786E32D7A152DD504233643B00B66733EF0A3AC0FFF249DC78A1,437
9129,48121,17-05-2021 07:17:48,0x456F8DA07E4514A9204F0EE22CA4EFC1CF231D5F2C2CADF3E39D99B2F73D0303,438
9130,61864,17-05-2021 07:24:24,0x5968242953ACCD6EE96DD992918F79FF6238ABC21060ED701A2C1BA1224BB2EE,439
9132,47674,17-05-2021 07:39:53,0x4E2F5ED44C99292987F1BB3C93E080BBF16F98588B71C64DFC0E06FEBD09A41D,440
9136,48047,17-05-2021 07:48:44,0x634B4678EE09397DDF9FF0D28F4178279D232B137C2725A9A61DB41B65104E76,441
9139,48172,17-05-2021 07:57:30,0xDF43E4453EFF0D27BA7CF4AEB67BBAD3994A82AFA07EF46F6CE65A415C022CB5,442
9142,62602,17-05-2021 08:21:31,0x885C9CDD02EE26879EBD64198761FD4CCE564BC8873A8C43588CB6C7CA924E9C,443
9143,62726,17-05-2021 08:37:58,0x04CDC8AE2A57873E8166A46A5FBB1612122197DB5A95B5F8E8A7C3181494B0B5,444
9147,47665,17-05-2021 09:07:18,0xC9A4A094B09657C729E50405E5BDA8F61C35B28535B6CAA8D137F5D2940F9146,445
9148,47665,17-05-2021 09:07:53,0xC9A4A094B09657C729E50405E5BDA8F61C35B28535B6CAA8D137F5D2940F9146,446
9149,47665,17-05-2021 09:08:25,0xC9A4A094B09657C729E50405E5BDA8F61C35B28535B6CAA8D137F5D2940F9146,447
9186,62602,17-05-2021 13:22:08,0x6EBA45BBC1B1C2DB1CD2C356EE952CEC64BCE955E0C6D0263C7A7F89E84C062D,448
9217,48121,18-05-2021 06:58:16,0x27FA33F0154C58639A5D45D18698AB49FF59B35CBFAD31C7134C74D0C6703B12,449
9218,48121,18-05-2021 06:58:23,0x456F8DA07E4514A9204F0EE22CA4EFC1CF231D5F2C2CADF3E39D99B2F73D0303,450
9220,47665,18-05-2021 07:45:03,0xADC925F6CD479BC644B7F4C77B763B1992972677520F2B3044CE3437D8A383F5,451
9223,48139,18-05-2021 08:03:34,0xAF7170A09787299BDC6A531387FD25E1607A8B1B1E296D5C473CEB97BF381EE5,452
9224,48172,18-05-2021 08:07:15,0x3D8617A496C27B389A3688D248E9AA5296180C6D63106CDB169D3C593CD2E9B0,453
9227,62602,18-05-2021 08:18:01,0x885C9CDD02EE26879EBD64198761FD4CCE564BC8873A8C43588CB6C7CA924E9C,454
9280,48121,19-05-2021 07:21:53,0x27FA33F0154C58639A5D45D18698AB49FF59B35CBFAD31C7134C74D0C6703B12,455
9287,63288,19-05-2021 07:45:24,0x6A6E8324833DBCDA2B952AD6B1043D799D38451DE5695492A78BED211444B566,456
9288,47674,19-05-2021 07:46:14,0xA536C6FA2860D0E96533C7CA3A30BAFA586FCD08303FE813C4E78C419956FFB8,457
9293,62602,19-05-2021 08:22:55,0x6EBA45BBC1B1C2DB1CD2C356EE952CEC64BCE955E0C6D0263C7A7F89E84C062D,458
9309,47708,19-05-2021 13:52:19,0x0B8218F4144BCDB6DE2733AFBE510E79A9B5E4AE4D35A7C61F59D6B2F7D7FEAE,459
9330,48121,20-05-2021 07:17:11,0x456F8DA07E4514A9204F0EE22CA4EFC1CF231D5F2C2CADF3E39D99B2F73D0303,460
9331,61864,20-05-2021 07:19:19,0x91C3606B61CCD968A32174568929865A72936BC70333FD863DF6ED17ED4CB3AB,461
9334,47674,20-05-2021 07:52:07,0x4E2F5ED44C99292987F1BB3C93E080BBF16F98588B71C64DFC0E06FEBD09A41D,462
9335,62587,20-05-2021 07:58:37,0x4A8BCDF082C08CF77B7E83BBF32A31E663FC6B71A736FAEE01B366FD02F2814B,463
9350,64911,20-05-2021 09:49:46,0x7251610619EF79DF1102CFE7D9A8419EBDA2810EE09724B98DDA8769DE5691F7,464
8011,58858,14-04-2021 11:40:48,0xE03A7A3CCAE1D7D3EC3D28921B638F9E43316813F285290B983C920AD44B688A,465
8022,58858,14-04-2021 21:08:35,0x3E238E63A3BA25A07440170441E9AF11737C578E92D4F679DFE92F2303F3FD1D,466
8035,48496,15-04-2021 08:19:37,0xF343620C447212644A672CEC87EFC4B5FA0A373926BB19EFF43F38BEE1CF8F4C,467
8038,48089,15-04-2021 08:31:41,0xC3B0E8639B3F36AB2C76242E077A7AAB2208BC19AB97EF328528C394BFE7FB63,468
8041,59054,15-04-2021 09:15:32,0x3CBFA891F83B6084D99EF8999E26823C5710C34F32305A1B4217B929D679A37F,469
8079,48124,15-04-2021 16:23:45,0x8E3DDEBF50AC493761797B05C220F6A96F6A61C751E38798F6C4D2A0552EF77A,470
8081,59932,15-04-2021 17:33:44,0x39AF8673A8ADF4F99AEE765AAFE395C0C7F5ED21CDEC7E749EE0C245AF36A623,471
8085,59900,15-04-2021 19:28:01,0x84BE341065EE9F3F3266FEBBABE7505499DCE68FC19E3A20867D03C5A8FF32C7,472
8087,59815,16-04-2021 00:07:35,0x485E614D441EFFB35B2C3DF109300BF8F6A3F44CC20B1C648521BAD597EAC652,473
8092,59878,16-04-2021 08:00:24,0x6EBA45BBC1B1C2DB1CD2C356EE952CEC64BCE955E0C6D0263C7A7F89E84C062D,474
8106,48047,16-04-2021 09:33:06,0x634B4678EE09397DDF9FF0D28F4178279D232B137C2725A9A61DB41B65104E76,475
8119,48496,16-04-2021 15:12:59,0xA1843E543D25DD5FEF30B50BD3D9F77F36E4364CF277FDB6EF6BD1BBD7DB63E4,476
8121,59815,16-04-2021 15:54:50,0x570603D83963F6660F9CA6A9859E2776E3D898FBB50BA741E3A6C79F2E53B7E3,477
8127,59056,18-04-2021 15:37:11,0xD23C2DD08DFA23014337E991ACF60149170D0556352EA1E4299060DB36833DF5,478
8140,48047,19-04-2021 08:11:21,0xB041D6D948C8AF8421E5B6B43D42AC763C1BFFD4375D541D0BE642607544103B,479
8142,59878,19-04-2021 08:15:54,0x885C9CDD02EE26879EBD64198761FD4CCE564BC8873A8C43588CB6C7CA924E9C,480
8147,48089,19-04-2021 08:42:07,0x082F979412F7A057C605713F6DB9DE56EAADAC26ACE4A86F3816250D2C6B89E6,481
8163,48124,19-04-2021 15:21:19,0x8BDB884F8302EFC9B4792E98071EEC7BE79C1EDA4756C2D5D34CEB24EB1596C9,482
8167,59853,19-04-2021 15:56:13,0x05F54116DFDA9C2911ABD6C043FEA0506BFC97675C1EC2617F59941224CF455A,483
8168,60093,19-04-2021 16:25:01,0x16169640209FE4481CBB7E8E1EFC168984E4F0C9F69131CF086E54D266763370,484
8176,58787,19-04-2021 19:46:47,0x90B60263920B46BC33838EF0BF21563F26B4C978152C0BF5CAE9181E6DE82E14,485
8179,59783,20-04-2021 04:59:50,0xA8DB42C8271D177C9FAB244C5428D2AEFF5338357C8A3F1061263BEBFC804107,486
8180,59783,20-04-2021 05:03:30,0x5E4EAE532BA6B6E00A976FCE3DB76B22A73B87A3D601E07CBC5473935F3B5621,487
8186,59878,20-04-2021 07:57:33,0x6EBA45BBC1B1C2DB1CD2C356EE952CEC64BCE955E0C6D0263C7A7F89E84C062D,488
8189,60542,20-04-2021 08:09:18,0x3363FC31B6B60602E0BDE26F8507E458F4893310DF35919A98B81FA88BB110CF,489
8194,48072,20-04-2021 08:14:36,0xEAFC81161520FACD38A978174AECB7A27C7609C1835FCF05A1D267954AAD899A,490
8205,59054,20-04-2021 10:27:34,0x8E499AC23BCB2C32F6DC10398DFBA55A839BDB69455CB28427E280A889A19CCA,491
8224,48124,20-04-2021 16:03:00,0x8BDB884F8302EFC9B4792E98071EEC7BE79C1EDA4756C2D5D34CEB24EB1596C9,492
8225,48124,20-04-2021 16:03:14,0x369480DE9F1DA96C1A3E361357A3738181916C9E2285B08D73BA612370BB25FF,493
8236,48121,21-04-2021 07:16:46,0x456F8DA07E4514A9204F0EE22CA4EFC1CF231D5F2C2CADF3E39D99B2F73D0303,494
8242,48047,21-04-2021 08:07:22,0x634B4678EE09397DDF9FF0D28F4178279D232B137C2725A9A61DB41B65104E76,495
8243,59878,21-04-2021 08:19:12,0x885C9CDD02EE26879EBD64198761FD4CCE564BC8873A8C43588CB6C7CA924E9C,496
8247,60542,21-04-2021 08:53:12,0x89A68BA03D3FF4BBD9534F7C55EE1C499CDC1D6C0EB5D7BFCAD3B4215CC31BAF,497
8278,59054,21-04-2021 17:02:59,0xBE52F8FA975E31055780B5CDD1CF193E3D465E46CDCCF01CD84356979D0F16E2,498
8283,48124,21-04-2021 20:25:11,0x369480DE9F1DA96C1A3E361357A3738181916C9E2285B08D73BA612370BB25FF,499
8300,48047,22-04-2021 07:59:35,0xB041D6D948C8AF8421E5B6B43D42AC763C1BFFD4375D541D0BE642607544103B,500
8301,59878,22-04-2021 08:05:15,0x6EBA45BBC1B1C2DB1CD2C356EE952CEC64BCE955E0C6D0263C7A7F89E84C062D,501
8382,59878,26-04-2021 08:08:22,0x6EBA45BBC1B1C2DB1CD2C356EE952CEC64BCE955E0C6D0263C7A7F89E84C062D,502
8312,59970,22-04-2021 10:39:08,0x934666703E59B988925D4281B5754D24D57596FEC67C3FAE98498BD580D2386F,503
8333,58952,23-04-2021 07:04:43,0xBF79650041F80FF7914E4EF4FB59D5102125D685148F7B2556A96C765A9D328F,504
8334,58952,23-04-2021 07:04:59,0xBF79650041F80FF7914E4EF4FB59D5102125D685148F7B2556A96C765A9D328F,505
8335,58787,23-04-2021 07:17:54,0xB4A30604610ABEAEDB549B196F5D6A2630F5B19B1180EA80FDAA948DD91C3AE7,506
8347,59878,23-04-2021 08:18:45,0x885C9CDD02EE26879EBD64198761FD4CCE564BC8873A8C43588CB6C7CA924E9C,507
8357,59056,23-04-2021 14:54:57,0x9F8B812D65005453765B940CDF07BBB93225EF191BB744A043E05001BA8B0160,508
8367,59088,25-04-2021 17:20:30,0x5968242953ACCD6EE96DD992918F79FF6238ABC21060ED701A2C1BA1224BB2EE,509
8370,48073,25-04-2021 22:22:58,0xB1C0708EB86ED499B9CF8DE927825E5AECAE6A26496B20F364AFD94FEFA7DA9E,510
10426,48047,08-06-2021 07:47:35,0xB041D6D948C8AF8421E5B6B43D42AC763C1BFFD4375D541D0BE642607544103B,511
10428,66683,08-06-2021 07:51:03,0xD23C2DD08DFA23014337E991ACF60149170D0556352EA1E4299060DB36833DF5,512
8411,59056,26-04-2021 13:08:23,0xD23C2DD08DFA23014337E991ACF60149170D0556352EA1E4299060DB36833DF5,513
10435,66681,08-06-2021 08:28:24,0x8E499AC23BCB2C32F6DC10398DFBA55A839BDB69455CB28427E280A889A19CCA,514
8413,59054,26-04-2021 15:28:23,0x8E499AC23BCB2C32F6DC10398DFBA55A839BDB69455CB28427E280A889A19CCA,515
10443,48070,08-06-2021 09:32:04,0x76D90AA6E6190252C48405B080F6B088D6D6D95A128B272A9DF86810B3B50C94,516
8415,48124,26-04-2021 16:24:48,0x8BDB884F8302EFC9B4792E98071EEC7BE79C1EDA4756C2D5D34CEB24EB1596C9,517
10450,67367,08-06-2021 10:08:07,0x570603D83963F6660F9CA6A9859E2776E3D898FBB50BA741E3A6C79F2E53B7E3,518
8419,50060,26-04-2021 17:24:54,0xF758D0BE00B35507660DD560C43DE640A1F1018921D899E1032A9E4C8906E41D,519
10451,67335,08-06-2021 10:08:19,0x7FE324C7E7A28C434C633D67DDF0D4FF1AD0753E86B8B92282194607E9EF8EED,520
8426,59783,27-04-2021 05:21:17,0x7FE324C7E7A28C434C633D67DDF0D4FF1AD0753E86B8B92282194607E9EF8EED,521
10473,66681,08-06-2021 15:18:27,0xBE52F8FA975E31055780B5CDD1CF193E3D465E46CDCCF01CD84356979D0F16E2,522
8433,50060,27-04-2021 07:35:09,0x45CDB4F9B8DA5A3B876CA310457871F4B6009B0BC1A6DD1A19623DFBD2673A2B,523
10484,66683,08-06-2021 17:04:10,0x9F8B812D65005453765B940CDF07BBB93225EF191BB744A043E05001BA8B0160,524
8438,48073,27-04-2021 08:21:39,0xEAFC81161520FACD38A978174AECB7A27C7609C1835FCF05A1D267954AAD899A,525
10501,67371,08-06-2021 22:09:47,0xDFA9D42EFACCB0D8DD8F4941A5C8EDC0C5794990F58F393CDDDC2D9A95D82C01,526
8458,48124,27-04-2021 21:33:47,0x369480DE9F1DA96C1A3E361357A3738181916C9E2285B08D73BA612370BB25FF,527
10502,67371,08-06-2021 22:11:41,0xDFA9D42EFACCB0D8DD8F4941A5C8EDC0C5794990F58F393CDDDC2D9A95D82C01,528
8461,59783,28-04-2021 05:13:15,0x7FE324C7E7A28C434C633D67DDF0D4FF1AD0753E86B8B92282194607E9EF8EED,529
10504,67512,09-06-2021 06:25:29,0x32AA1BA3126B4C499F54A0AD398A371DA316A7ECAC46799E5B75EA82F88E73C4,530
8471,48072,28-04-2021 08:08:01,0xB1C0708EB86ED499B9CF8DE927825E5AECAE6A26496B20F364AFD94FEFA7DA9E,531
10510,48047,09-06-2021 07:58:11,0x634B4678EE09397DDF9FF0D28F4178279D232B137C2725A9A61DB41B65104E76,532
8472,59878,28-04-2021 08:11:15,0x885C9CDD02EE26879EBD64198761FD4CCE564BC8873A8C43588CB6C7CA924E9C,533
10511,67411,09-06-2021 08:06:48,0x4A8BCDF082C08CF77B7E83BBF32A31E663FC6B71A736FAEE01B366FD02F2814B,534
8478,48124,28-04-2021 08:58:29,0x8BDB884F8302EFC9B4792E98071EEC7BE79C1EDA4756C2D5D34CEB24EB1596C9,535
10516,66681,09-06-2021 08:28:23,0x8E499AC23BCB2C32F6DC10398DFBA55A839BDB69455CB28427E280A889A19CCA,536
8479,48124,28-04-2021 08:58:53,0x3CBFA891F83B6084D99EF8999E26823C5710C34F32305A1B4217B929D679A37F,537
8481,48121,28-04-2021 10:44:54,0x27FA33F0154C58639A5D45D18698AB49FF59B35CBFAD31C7134C74D0C6703B12,538
8514,59088,29-04-2021 07:30:22,0x91C3606B61CCD968A32174568929865A72936BC70333FD863DF6ED17ED4CB3AB,539
8515,47674,29-04-2021 07:45:37,0xA536C6FA2860D0E96533C7CA3A30BAFA586FCD08303FE813C4E78C419956FFB8,540
8517,48047,29-04-2021 08:08:47,0x634B4678EE09397DDF9FF0D28F4178279D232B137C2725A9A61DB41B65104E76,541
8526,59054,29-04-2021 13:54:23,0x8E3DDEBF50AC493761797B05C220F6A96F6A61C751E38798F6C4D2A0552EF77A,542
8552,59088,30-04-2021 06:46:34,0x5968242953ACCD6EE96DD992918F79FF6238ABC21060ED701A2C1BA1224BB2EE,543
8559,48047,30-04-2021 08:08:29,0xB041D6D948C8AF8421E5B6B43D42AC763C1BFFD4375D541D0BE642607544103B,544
8566,47674,30-04-2021 08:46:24,0x4E2F5ED44C99292987F1BB3C93E080BBF16F98588B71C64DFC0E06FEBD09A41D,545
8568,48072,30-04-2021 09:12:22,0xEAFC81161520FACD38A978174AECB7A27C7609C1835FCF05A1D267954AAD899A,546
8570,59892,30-04-2021 09:35:06,0xA90BA60C2F5E5CCEF2A8914D646CF45F202368F49A2EC3634E66195C0D31B30A,547
8592,48124,30-04-2021 17:22:23,0x3CBFA891F83B6084D99EF8999E26823C5710C34F32305A1B4217B929D679A37F,548
8607,48073,02-05-2021 22:41:11,0xB1C0708EB86ED499B9CF8DE927825E5AECAE6A26496B20F364AFD94FEFA7DA9E,549
8611,48121,03-05-2021 07:07:10,0x456F8DA07E4514A9204F0EE22CA4EFC1CF231D5F2C2CADF3E39D99B2F73D0303,550
8612,48121,03-05-2021 07:07:15,0x27FA33F0154C58639A5D45D18698AB49FF59B35CBFAD31C7134C74D0C6703B12,551
8614,62510,03-05-2021 07:21:23,0x5E4EAE532BA6B6E00A976FCE3DB76B22A73B87A3D601E07CBC5473935F3B5621,552
8615,62616,03-05-2021 07:29:53,0xBF50A72502C89AC26C91B8BC6FB7A159880F453C9174487F5419F439F63CE6A6,553
8616,47674,03-05-2021 07:34:36,0xA536C6FA2860D0E96533C7CA3A30BAFA586FCD08303FE813C4E78C419956FFB8,554
8626,62602,03-05-2021 09:05:40,0x6EBA45BBC1B1C2DB1CD2C356EE952CEC64BCE955E0C6D0263C7A7F89E84C062D,555
8642,48089,03-05-2021 12:55:12,0xC3B0E8639B3F36AB2C76242E077A7AAB2208BC19AB97EF328528C394BFE7FB63,556
8671,48047,04-05-2021 08:13:46,0x634B4678EE09397DDF9FF0D28F4178279D232B137C2725A9A61DB41B65104E76,557
8674,62602,04-05-2021 08:21:21,0x885C9CDD02EE26879EBD64198761FD4CCE564BC8873A8C43588CB6C7CA924E9C,558
8675,48073,04-05-2021 08:23:53,0xEAFC81161520FACD38A978174AECB7A27C7609C1835FCF05A1D267954AAD899A,559
8679,48070,04-05-2021 09:27:51,0x2B4F0C937C0DDA13E555276CDE2C3D01DDD628D171D128CFD06E6D06F1096942,560
8680,61831,04-05-2021 09:42:51,0x8E499AC23BCB2C32F6DC10398DFBA55A839BDB69455CB28427E280A889A19CCA,561
8681,61831,04-05-2021 09:42:58,0x3CBFA891F83B6084D99EF8999E26823C5710C34F32305A1B4217B929D679A37F,562
8683,48124,04-05-2021 10:35:57,0x8BDB884F8302EFC9B4792E98071EEC7BE79C1EDA4756C2D5D34CEB24EB1596C9,563
8708,48121,05-05-2021 07:07:14,0x456F8DA07E4514A9204F0EE22CA4EFC1CF231D5F2C2CADF3E39D99B2F73D0303,564
8709,48121,05-05-2021 07:07:27,0x27FA33F0154C58639A5D45D18698AB49FF59B35CBFAD31C7134C74D0C6703B12,565
8710,48121,05-05-2021 07:07:37,0x456F8DA07E4514A9204F0EE22CA4EFC1CF231D5F2C2CADF3E39D99B2F73D0303,566
8712,62527,05-05-2021 07:28:22,0xD272DCA34BBB09D44EDAE66670F04F78A8B4F3068F8281505DDC6AF89D36A1FE,567
8715,47674,05-05-2021 07:46:39,0x4E2F5ED44C99292987F1BB3C93E080BBF16F98588B71C64DFC0E06FEBD09A41D,568
8717,48047,05-05-2021 08:08:37,0xB041D6D948C8AF8421E5B6B43D42AC763C1BFFD4375D541D0BE642607544103B,569
8718,48047,05-05-2021 08:08:39,0x634B4678EE09397DDF9FF0D28F4178279D232B137C2725A9A61DB41B65104E76,570
8747,61864,06-05-2021 07:33:51,0x91C3606B61CCD968A32174568929865A72936BC70333FD863DF6ED17ED4CB3AB,571
8750,48047,06-05-2021 08:12:03,0x634B4678EE09397DDF9FF0D28F4178279D232B137C2725A9A61DB41B65104E76,572
8754,61833,06-05-2021 09:06:59,0x9F8B812D65005453765B940CDF07BBB93225EF191BB744A043E05001BA8B0160,573
8757,62602,06-05-2021 09:56:46,0x6EBA45BBC1B1C2DB1CD2C356EE952CEC64BCE955E0C6D0263C7A7F89E84C062D,574
8770,48124,06-05-2021 14:58:20,0x8E3DDEBF50AC493761797B05C220F6A96F6A61C751E38798F6C4D2A0552EF77A,575
8780,48121,07-05-2021 07:16:07,0x27FA33F0154C58639A5D45D18698AB49FF59B35CBFAD31C7134C74D0C6703B12,576
9394,48124,20-05-2021 21:49:30,0x8BDB884F8302EFC9B4792E98071EEC7BE79C1EDA4756C2D5D34CEB24EB1596C9,577
11830,72018,06-07-2021 16:16:12,0xDFA9D42EFACCB0D8DD8F4941A5C8EDC0C5794990F58F393CDDDC2D9A95D82C01,578
10519,66310,09-06-2021 09:26:09,0xA40C5492475055C4D68D8C8206062D6815DD4003E3C823C24F47553FD4C8AECC,579
9401,48121,21-05-2021 07:43:51,0x27FA33F0154C58639A5D45D18698AB49FF59B35CBFAD31C7134C74D0C6703B12,580
11833,48124,06-07-2021 18:16:08,0x369480DE9F1DA96C1A3E361357A3738181916C9E2285B08D73BA612370BB25FF,581
10547,48124,09-06-2021 14:52:16,0x8BDB884F8302EFC9B4792E98071EEC7BE79C1EDA4756C2D5D34CEB24EB1596C9,582
9402,48121,21-05-2021 07:43:58,0x456F8DA07E4514A9204F0EE22CA4EFC1CF231D5F2C2CADF3E39D99B2F73D0303,583
11843,48124,07-07-2021 07:32:02,0x8BDB884F8302EFC9B4792E98071EEC7BE79C1EDA4756C2D5D34CEB24EB1596C9,584
10553,66681,09-06-2021 16:17:30,0xBE52F8FA975E31055780B5CDD1CF193E3D465E46CDCCF01CD84356979D0F16E2,585
9439,48124,21-05-2021 14:10:36,0x369480DE9F1DA96C1A3E361357A3738181916C9E2285B08D73BA612370BB25FF,586
11853,48172,07-07-2021 08:07:54,0x3D8617A496C27B389A3688D248E9AA5296180C6D63106CDB169D3C593CD2E9B0,587
10567,66712,10-06-2021 07:15:24,0x91C3606B61CCD968A32174568929865A72936BC70333FD863DF6ED17ED4CB3AB,588
9504,48121,24-05-2021 07:16:31,0x27FA33F0154C58639A5D45D18698AB49FF59B35CBFAD31C7134C74D0C6703B12,589
11854,48047,07-07-2021 08:10:28,0x634B4678EE09397DDF9FF0D28F4178279D232B137C2725A9A61DB41B65104E76,590
10571,48047,10-06-2021 07:54:57,0xB041D6D948C8AF8421E5B6B43D42AC763C1BFFD4375D541D0BE642607544103B,591
9538,48121,25-05-2021 07:17:57,0x456F8DA07E4514A9204F0EE22CA4EFC1CF231D5F2C2CADF3E39D99B2F73D0303,592
11881,72013,07-07-2021 15:25:57,0x7C57298C7A853A0C818AA56EFB08356DBD2FAF10C9CDC37A95876D889FDA8E86,593
10576,47686,10-06-2021 08:44:15,0x9BEA4DC42D4F66FF94C0D4846E4FBE7A47DCD79C536A3E764870636FCA2DC40C,594
9539,48121,25-05-2021 07:18:02,0x27FA33F0154C58639A5D45D18698AB49FF59B35CBFAD31C7134C74D0C6703B12,595
11894,47686,07-07-2021 22:44:05,0x9BEA4DC42D4F66FF94C0D4846E4FBE7A47DCD79C536A3E764870636FCA2DC40C,596
10580,66310,10-06-2021 09:21:02,0x6C4D73BA275AA7D7F9BFE695F9D81803DEAEDDFE558793E4016856081766358E,597
9542,61864,25-05-2021 07:32:34,0x5968242953ACCD6EE96DD992918F79FF6238ABC21060ED701A2C1BA1224BB2EE,598
11897,71414,08-07-2021 07:03:52,0x91C3606B61CCD968A32174568929865A72936BC70333FD863DF6ED17ED4CB3AB,599
10597,48121,10-06-2021 10:34:19,0x27FA33F0154C58639A5D45D18698AB49FF59B35CBFAD31C7134C74D0C6703B12,600
9550,62602,25-05-2021 08:20:24,0x885C9CDD02EE26879EBD64198761FD4CCE564BC8873A8C43588CB6C7CA924E9C,601
11903,48047,08-07-2021 08:12:59,0xB041D6D948C8AF8421E5B6B43D42AC763C1BFFD4375D541D0BE642607544103B,602
10609,47686,10-06-2021 13:12:49,0x7852DFD60E04EA0990328F896E7602FBBBF9FCBB6A6F28BD6A311419585BF3BE,603
9555,48047,25-05-2021 08:38:17,0xB041D6D948C8AF8421E5B6B43D42AC763C1BFFD4375D541D0BE642607544103B,604
11911,71383,08-07-2021 09:14:12,0x3CBFA891F83B6084D99EF8999E26823C5710C34F32305A1B4217B929D679A37F,605
10658,47756,11-06-2021 09:20:56,0x6D03BCB5196C0E866A9A83401AB38990E586B0B2C53F915AC12D1190BC7DDAF4,606
9556,62726,25-05-2021 08:39:31,0x1E58EE06491FF93198BDF28904128334DFEA5F7D3DF2FACA603D77FF4FD16A64,607
11915,71383,08-07-2021 09:46:07,0xBE52F8FA975E31055780B5CDD1CF193E3D465E46CDCCF01CD84356979D0F16E2,608
10682,50060,11-06-2021 17:26:03,0x45CDB4F9B8DA5A3B876CA310457871F4B6009B0BC1A6DD1A19623DFBD2673A2B,609
9605,48124,25-05-2021 14:43:48,0x8BDB884F8302EFC9B4792E98071EEC7BE79C1EDA4756C2D5D34CEB24EB1596C9,610
11917,72116,08-07-2021 09:52:33,0x4CFF4EEF1ECA18BA17EFFD70DF1FF3E4FDB5BE02DF683A3E81D2BCEA929E5C64,611
10726,67335,14-06-2021 05:35:36,0x5E4EAE532BA6B6E00A976FCE3DB76B22A73B87A3D601E07CBC5473935F3B5621,612
9653,48121,26-05-2021 07:19:04,0x456F8DA07E4514A9204F0EE22CA4EFC1CF231D5F2C2CADF3E39D99B2F73D0303,613
11927,47708,08-07-2021 16:09:41,0x0B8218F4144BCDB6DE2733AFBE510E79A9B5E4AE4D35A7C61F59D6B2F7D7FEAE,614
10729,66712,14-06-2021 07:14:37,0x5968242953ACCD6EE96DD992918F79FF6238ABC21060ED701A2C1BA1224BB2EE,615
10730,48121,14-06-2021 07:16:48,0x456F8DA07E4514A9204F0EE22CA4EFC1CF231D5F2C2CADF3E39D99B2F73D0303,616
10731,48121,14-06-2021 07:16:52,0x27FA33F0154C58639A5D45D18698AB49FF59B35CBFAD31C7134C74D0C6703B12,617
10740,67426,14-06-2021 08:17:19,0x885C9CDD02EE26879EBD64198761FD4CCE564BC8873A8C43588CB6C7CA924E9C,618
10745,66681,14-06-2021 08:49:10,0x8E499AC23BCB2C32F6DC10398DFBA55A839BDB69455CB28427E280A889A19CCA,619
10746,48124,14-06-2021 08:52:22,0x369480DE9F1DA96C1A3E361357A3738181916C9E2285B08D73BA612370BB25FF,620
10769,48124,14-06-2021 12:43:22,0x8BDB884F8302EFC9B4792E98071EEC7BE79C1EDA4756C2D5D34CEB24EB1596C9,621
10791,66681,14-06-2021 18:42:56,0x2171C7C91790188679D779230AE8AFB9046CD9798DF79493488AB6F6D7EAE919,622
10801,48121,15-06-2021 07:14:06,0x456F8DA07E4514A9204F0EE22CA4EFC1CF231D5F2C2CADF3E39D99B2F73D0303,623
10802,48047,15-06-2021 07:36:24,0x634B4678EE09397DDF9FF0D28F4178279D232B137C2725A9A61DB41B65104E76,624
10809,66681,15-06-2021 08:18:10,0x8E499AC23BCB2C32F6DC10398DFBA55A839BDB69455CB28427E280A889A19CCA,625
10810,67426,15-06-2021 08:18:57,0x6EBA45BBC1B1C2DB1CD2C356EE952CEC64BCE955E0C6D0263C7A7F89E84C062D,626
10815,50093,15-06-2021 09:03:04,0xEED878F0BA744E1991C1114670C18247DC0D579EAD7E1B71E63973BFF565C967,627
10844,66681,15-06-2021 11:50:06,0xBE52F8FA975E31055780B5CDD1CF193E3D465E46CDCCF01CD84356979D0F16E2,628
10859,69807,15-06-2021 16:21:22,0xAAFAB94848A1236332F964E4E3204D96522523F510F193C8E6C4EF5F63CA25C3,629
10881,67426,16-06-2021 08:17:44,0x885C9CDD02EE26879EBD64198761FD4CCE564BC8873A8C43588CB6C7CA924E9C,630
10895,66681,16-06-2021 10:43:33,0x8E499AC23BCB2C32F6DC10398DFBA55A839BDB69455CB28427E280A889A19CCA,631
10904,66681,16-06-2021 17:03:20,0x3CBFA891F83B6084D99EF8999E26823C5710C34F32305A1B4217B929D679A37F,632
10905,66681,16-06-2021 17:03:28,0x8E3DDEBF50AC493761797B05C220F6A96F6A61C751E38798F6C4D2A0552EF77A,633
10920,66712,17-06-2021 07:15:45,0x91C3606B61CCD968A32174568929865A72936BC70333FD863DF6ED17ED4CB3AB,634
10925,67426,17-06-2021 08:17:49,0x6EBA45BBC1B1C2DB1CD2C356EE952CEC64BCE955E0C6D0263C7A7F89E84C062D,635
10936,48124,17-06-2021 10:05:14,0x369480DE9F1DA96C1A3E361357A3738181916C9E2285B08D73BA612370BB25FF,636
10984,66712,18-06-2021 07:09:30,0x5968242953ACCD6EE96DD992918F79FF6238ABC21060ED701A2C1BA1224BB2EE,637
10994,67426,18-06-2021 08:51:32,0x6EBA45BBC1B1C2DB1CD2C356EE952CEC64BCE955E0C6D0263C7A7F89E84C062D,638
11067,67371,21-06-2021 07:17:33,0x954B4D99048EEB15F375CE04431F80E0156F5A60A851D7A3ADB22C4D14CB0E6F,639
11068,48121,21-06-2021 07:21:05,0x27FA33F0154C58639A5D45D18698AB49FF59B35CBFAD31C7134C74D0C6703B12,640
11072,67426,21-06-2021 08:15:59,0x885C9CDD02EE26879EBD64198761FD4CCE564BC8873A8C43588CB6C7CA924E9C,641
11076,67335,21-06-2021 08:40:04,0x7FE324C7E7A28C434C633D67DDF0D4FF1AD0753E86B8B92282194607E9EF8EED,642
11934,48124,08-07-2021 18:22:18,0x3CBFA891F83B6084D99EF8999E26823C5710C34F32305A1B4217B929D679A37F,643
11938,71982,09-07-2021 05:20:35,0x5E4EAE532BA6B6E00A976FCE3DB76B22A73B87A3D601E07CBC5473935F3B5621,644
9656,48172,26-05-2021 07:56:51,0xDF43E4453EFF0D27BA7CF4AEB67BBAD3994A82AFA07EF46F6CE65A415C022CB5,645
11944,71383,09-07-2021 08:37:32,0x3CBFA891F83B6084D99EF8999E26823C5710C34F32305A1B4217B929D679A37F,646
9661,62587,26-05-2021 08:31:34,0x7C921E0CDC8D867B81258A3AE4AC1F2B43270A446A867D281D5EBA10C353B0DA,647
11945,72068,09-07-2021 08:44:40,0x6EBA45BBC1B1C2DB1CD2C356EE952CEC64BCE955E0C6D0263C7A7F89E84C062D,648
9662,61831,26-05-2021 08:34:05,0x8E499AC23BCB2C32F6DC10398DFBA55A839BDB69455CB28427E280A889A19CCA,649
11964,47686,09-07-2021 12:49:13,0x7852DFD60E04EA0990328F896E7602FBBBF9FCBB6A6F28BD6A311419585BF3BE,650
9685,47708,26-05-2021 09:49:30,0x01A01332741F4C9978A4F3FAF3EB682B440D12FF02C8641D63AD27A631DBEA05,651
11992,48124,11-07-2021 15:32:29,0x8BDB884F8302EFC9B4792E98071EEC7BE79C1EDA4756C2D5D34CEB24EB1596C9,652
11996,72018,11-07-2021 22:27:28,0x954B4D99048EEB15F375CE04431F80E0156F5A60A851D7A3ADB22C4D14CB0E6F,653
12000,48121,12-07-2021 07:18:21,0x456F8DA07E4514A9204F0EE22CA4EFC1CF231D5F2C2CADF3E39D99B2F73D0303,654
12001,48121,12-07-2021 07:18:25,0x27FA33F0154C58639A5D45D18698AB49FF59B35CBFAD31C7134C74D0C6703B12,655
12002,71414,12-07-2021 07:23:57,0x5968242953ACCD6EE96DD992918F79FF6238ABC21060ED701A2C1BA1224BB2EE,656
12010,72068,12-07-2021 08:16:58,0x885C9CDD02EE26879EBD64198761FD4CCE564BC8873A8C43588CB6C7CA924E9C,657
12020,47708,12-07-2021 09:34:53,0x01A01332741F4C9978A4F3FAF3EB682B440D12FF02C8641D63AD27A631DBEA05,658
12062,48124,12-07-2021 19:36:57,0x369480DE9F1DA96C1A3E361357A3738181916C9E2285B08D73BA612370BB25FF,659
12063,48496,12-07-2021 19:53:42,0xA1843E543D25DD5FEF30B50BD3D9F77F36E4364CF277FDB6EF6BD1BBD7DB63E4,660
12078,48047,13-07-2021 08:00:45,0x634B4678EE09397DDF9FF0D28F4178279D232B137C2725A9A61DB41B65104E76,661
12079,72054,13-07-2021 08:07:12,0x4A8BCDF082C08CF77B7E83BBF32A31E663FC6B71A736FAEE01B366FD02F2814B,662
12080,72054,13-07-2021 08:07:40,0x4A8BCDF082C08CF77B7E83BBF32A31E663FC6B71A736FAEE01B366FD02F2814B,663
12098,71977,13-07-2021 16:05:58,0x974BCFFC5D3F18A5232136ED5D0BC7833922B17B29F85484F35FCBA658772F5D,664
12120,48121,14-07-2021 07:49:48,0x456F8DA07E4514A9204F0EE22CA4EFC1CF231D5F2C2CADF3E39D99B2F73D0303,665
12126,47708,14-07-2021 09:16:46,0x0B8218F4144BCDB6DE2733AFBE510E79A9B5E4AE4D35A7C61F59D6B2F7D7FEAE,666
12154,48130,14-07-2021 19:12:07,0x466569C6744536A41DFA506ABF30590E054A301C698B1EDD116B5FD26EE73AF3,667
12163,71414,15-07-2021 07:15:30,0x91C3606B61CCD968A32174568929865A72936BC70333FD863DF6ED17ED4CB3AB,668
12169,48124,15-07-2021 08:28:40,0x8BDB884F8302EFC9B4792E98071EEC7BE79C1EDA4756C2D5D34CEB24EB1596C9,669
12171,47708,15-07-2021 09:25:29,0x01A01332741F4C9978A4F3FAF3EB682B440D12FF02C8641D63AD27A631DBEA05,670
12184,48130,15-07-2021 11:44:28,0xB2B917B122F1C232B6B7618B46CCDCE6B1EE22A868014EFDC019F4C98A68C724,671
12185,48130,15-07-2021 11:44:44,0xB2B917B122F1C232B6B7618B46CCDCE6B1EE22A868014EFDC019F4C98A68C724,672
12215,72068,16-07-2021 08:19:41,0x6EBA45BBC1B1C2DB1CD2C356EE952CEC64BCE955E0C6D0263C7A7F89E84C062D,673
12223,48124,16-07-2021 11:53:43,0x369480DE9F1DA96C1A3E361357A3738181916C9E2285B08D73BA612370BB25FF,674
12224,48124,16-07-2021 11:55:30,0x8BDB884F8302EFC9B4792E98071EEC7BE79C1EDA4756C2D5D34CEB24EB1596C9,675
12226,48124,16-07-2021 12:02:22,0x369480DE9F1DA96C1A3E361357A3738181916C9E2285B08D73BA612370BB25FF,676
12227,47708,16-07-2021 12:10:55,0xCA48997CBCD85365D2A0A7B6B0BAA1B08D9C4764243C6393E2E8B16C7FFD9146,677
12228,47708,16-07-2021 12:11:35,0x0B8218F4144BCDB6DE2733AFBE510E79A9B5E4AE4D35A7C61F59D6B2F7D7FEAE,678
12282,71414,19-07-2021 07:09:30,0x5968242953ACCD6EE96DD992918F79FF6238ABC21060ED701A2C1BA1224BB2EE,679
12316,47708,19-07-2021 14:25:16,0x01A01332741F4C9978A4F3FAF3EB682B440D12FF02C8641D63AD27A631DBEA05,680
12319,72014,19-07-2021 15:37:07,0x485E614D441EFFB35B2C3DF109300BF8F6A3F44CC20B1C648521BAD597EAC652,681
12323,48124,19-07-2021 17:06:47,0x8BDB884F8302EFC9B4792E98071EEC7BE79C1EDA4756C2D5D34CEB24EB1596C9,682
12333,71972,20-07-2021 06:33:40,0xD43687384C965C7152E3573A66AD8D4FAB909EB26D312236AD98F5A2B06E680D,683
12335,48121,20-07-2021 07:18:15,0x27FA33F0154C58639A5D45D18698AB49FF59B35CBFAD31C7134C74D0C6703B12,684
12340,72054,20-07-2021 08:07:17,0xFAA9E81E00D5DB7C5170E91B49F8D5946BABE967FA3452072CF131FD843C9640,685
9726,61831,26-05-2021 16:40:45,0x2171C7C91790188679D779230AE8AFB9046CD9798DF79493488AB6F6D7EAE919,686
9737,61864,27-05-2021 07:13:11,0x91C3606B61CCD968A32174568929865A72936BC70333FD863DF6ED17ED4CB3AB,687
9741,48121,27-05-2021 07:59:45,0x27FA33F0154C58639A5D45D18698AB49FF59B35CBFAD31C7134C74D0C6703B12,688
9742,48121,27-05-2021 07:59:52,0x456F8DA07E4514A9204F0EE22CA4EFC1CF231D5F2C2CADF3E39D99B2F73D0303,689
9745,48172,27-05-2021 08:14:40,0x3D8617A496C27B389A3688D248E9AA5296180C6D63106CDB169D3C593CD2E9B0,690
9756,47708,27-05-2021 09:11:31,0xCA48997CBCD85365D2A0A7B6B0BAA1B08D9C4764243C6393E2E8B16C7FFD9146,691
9817,61864,28-05-2021 07:28:59,0x5968242953ACCD6EE96DD992918F79FF6238ABC21060ED701A2C1BA1224BB2EE,692
9818,48121,28-05-2021 07:31:50,0x27FA33F0154C58639A5D45D18698AB49FF59B35CBFAD31C7134C74D0C6703B12,693
9819,48121,28-05-2021 07:31:57,0x456F8DA07E4514A9204F0EE22CA4EFC1CF231D5F2C2CADF3E39D99B2F73D0303,694
9866,62531,28-05-2021 15:46:49,0xBA367013AD29E5CE55291A9C4826C145170AA45269D1AC287A48D9B20E4B85BF,695
9880,48124,28-05-2021 18:49:56,0x369480DE9F1DA96C1A3E361357A3738181916C9E2285B08D73BA612370BB25FF,696
9899,62531,30-05-2021 18:40:44,0xEB1C681F7244DA6AA608C10420D4FB1ED7AFD8B34F86AC0340329D9EA7CE56E0,697
9910,48047,31-05-2021 07:48:46,0x634B4678EE09397DDF9FF0D28F4178279D232B137C2725A9A61DB41B65104E76,698
9929,48172,31-05-2021 10:20:47,0xDF43E4453EFF0D27BA7CF4AEB67BBAD3994A82AFA07EF46F6CE65A415C022CB5,699
9930,48124,31-05-2021 11:00:03,0x8BDB884F8302EFC9B4792E98071EEC7BE79C1EDA4756C2D5D34CEB24EB1596C9,700
10017,48070,01-06-2021 08:47:30,0x2B4F0C937C0DDA13E555276CDE2C3D01DDD628D171D128CFD06E6D06F1096942,701
10026,66310,01-06-2021 09:09:57,0x6CDAFDB11555351AF4B811326A9E105A1E19F1DB9AE0B9DFF6E32E1868E7FC5A,702
10099,48121,02-06-2021 08:19:41,0x27FA33F0154C58639A5D45D18698AB49FF59B35CBFAD31C7134C74D0C6703B12,703
10133,50093,02-06-2021 14:02:39,0x4626DCD8CEA43D695132371C442A564A9236E69368E481542CE1EC709BF6CE5E,704
10138,67367,02-06-2021 15:58:56,0x485E614D441EFFB35B2C3DF109300BF8F6A3F44CC20B1C648521BAD597EAC652,705
10145,66712,03-06-2021 07:20:26,0x91C3606B61CCD968A32174568929865A72936BC70333FD863DF6ED17ED4CB3AB,706
10146,48121,03-06-2021 07:23:02,0x456F8DA07E4514A9204F0EE22CA4EFC1CF231D5F2C2CADF3E39D99B2F73D0303,707
10163,67548,03-06-2021 08:43:31,0x04CDC8AE2A57873E8166A46A5FBB1612122197DB5A95B5F8E8A7C3181494B0B5,708
10210,66712,03-06-2021 22:29:39,0x5968242953ACCD6EE96DD992918F79FF6238ABC21060ED701A2C1BA1224BB2EE,709
10217,67335,04-06-2021 07:41:01,0x7FE324C7E7A28C434C633D67DDF0D4FF1AD0753E86B8B92282194607E9EF8EED,710
10225,67548,04-06-2021 09:05:25,0x1E58EE06491FF93198BDF28904128334DFEA5F7D3DF2FACA603D77FF4FD16A64,711
10250,67426,04-06-2021 11:33:37,0x6EBA45BBC1B1C2DB1CD2C356EE952CEC64BCE955E0C6D0263C7A7F89E84C062D,712
10252,50093,04-06-2021 11:39:29,0xEED878F0BA744E1991C1114670C18247DC0D579EAD7E1B71E63973BFF565C967,713
10253,50093,04-06-2021 11:39:38,0xEED878F0BA744E1991C1114670C18247DC0D579EAD7E1B71E63973BFF565C967,714
10258,47705,04-06-2021 13:23:49,0xAC2E1541FA4A6E75635546D2D0C872E5AE98CE4E096B09C8241AC7853EEBFAF5,715
10273,48124,04-06-2021 15:10:55,0x369480DE9F1DA96C1A3E361357A3738181916C9E2285B08D73BA612370BB25FF,716
10332,48516,07-06-2021 07:10:34,0x75D52C813C746CA07795D6421F6190438D2C24D605776D3CFF211190E155D144,717
10333,48121,07-06-2021 07:16:58,0x27FA33F0154C58639A5D45D18698AB49FF59B35CBFAD31C7134C74D0C6703B12,718
10341,50093,07-06-2021 08:20:45,0x4626DCD8CEA43D695132371C442A564A9236E69368E481542CE1EC709BF6CE5E,719
10396,47756,07-06-2021 14:55:57,0x1D7A25B767B68F2C1B17903E4DDDE16EB40F99DE4DE7691ABB3533620FBECB0D,720
10418,67512,08-06-2021 06:26:45,0x5E82E15713B40B0ED9BEDCCADD1F308038E2181FEFE1338B2EFFD4DE7DA295EE,721
10421,48121,08-06-2021 07:20:36,0x456F8DA07E4514A9204F0EE22CA4EFC1CF231D5F2C2CADF3E39D99B2F73D0303,722
11080,48160,21-06-2021 10:02:27,0xE500AA7256DD523730F153BD04C9975B04E42250CFD0DD59E3961DDEA74ED955,723
11081,48124,21-06-2021 10:12:06,0x8BDB884F8302EFC9B4792E98071EEC7BE79C1EDA4756C2D5D34CEB24EB1596C9,724
11110,53967,21-06-2021 14:09:51,0x47A7707DA18D292AEE4BC2BD4663A728A80200EDBA7A0DBF71DECEDAE44FFB86,725
11135,67371,21-06-2021 21:40:39,0xDFA9D42EFACCB0D8DD8F4941A5C8EDC0C5794990F58F393CDDDC2D9A95D82C01,726
11141,48121,22-06-2021 07:27:22,0x456F8DA07E4514A9204F0EE22CA4EFC1CF231D5F2C2CADF3E39D99B2F73D0303,727
11145,48047,22-06-2021 07:46:52,0xB041D6D948C8AF8421E5B6B43D42AC763C1BFFD4375D541D0BE642607544103B,728
11147,67426,22-06-2021 08:18:47,0x6EBA45BBC1B1C2DB1CD2C356EE952CEC64BCE955E0C6D0263C7A7F89E84C062D,729
11149,66681,22-06-2021 08:24:38,0x8E499AC23BCB2C32F6DC10398DFBA55A839BDB69455CB28427E280A889A19CCA,730
11201,48047,23-06-2021 07:52:32,0x634B4678EE09397DDF9FF0D28F4178279D232B137C2725A9A61DB41B65104E76,731
11209,66310,23-06-2021 09:25:14,0xA40C5492475055C4D68D8C8206062D6815DD4003E3C823C24F47553FD4C8AECC,732
11240,60768,23-06-2021 21:17:35,0x3BD18342AFE20518880281DCC5E2642D7C49C2E6CDDF1C2A66E909EFA8931ABE,733
11250,48121,24-06-2021 07:42:33,0x27FA33F0154C58639A5D45D18698AB49FF59B35CBFAD31C7134C74D0C6703B12,734
11251,48121,24-06-2021 07:42:46,0x456F8DA07E4514A9204F0EE22CA4EFC1CF231D5F2C2CADF3E39D99B2F73D0303,735
11252,48121,24-06-2021 07:42:50,0x27FA33F0154C58639A5D45D18698AB49FF59B35CBFAD31C7134C74D0C6703B12,736
11256,48047,24-06-2021 07:54:59,0xB041D6D948C8AF8421E5B6B43D42AC763C1BFFD4375D541D0BE642607544103B,737
11276,48124,24-06-2021 13:13:06,0x369480DE9F1DA96C1A3E361357A3738181916C9E2285B08D73BA612370BB25FF,738
11308,67440,25-06-2021 06:09:12,0xA90BA60C2F5E5CCEF2A8914D646CF45F202368F49A2EC3634E66195C0D31B30A,739
11311,67371,25-06-2021 07:09:24,0x954B4D99048EEB15F375CE04431F80E0156F5A60A851D7A3ADB22C4D14CB0E6F,740
11315,67887,25-06-2021 07:37:33,0x3FE03CA39ADA61FF07FD4587DD72906E7EBC8220C5570E39D8CF4E724FF16FBE,741
11319,48496,25-06-2021 08:07:48,0xF343620C447212644A672CEC87EFC4B5FA0A373926BB19EFF43F38BEE1CF8F4C,742
11336,48124,25-06-2021 10:13:34,0x8BDB884F8302EFC9B4792E98071EEC7BE79C1EDA4756C2D5D34CEB24EB1596C9,743
11340,48124,25-06-2021 12:06:53,0x369480DE9F1DA96C1A3E361357A3738181916C9E2285B08D73BA612370BB25FF,744
11358,66681,25-06-2021 17:56:30,0x3CBFA891F83B6084D99EF8999E26823C5710C34F32305A1B4217B929D679A37F,745
11394,48121,28-06-2021 07:52:30,0x456F8DA07E4514A9204F0EE22CA4EFC1CF231D5F2C2CADF3E39D99B2F73D0303,746
11409,48070,28-06-2021 10:53:48,0x2B4F0C937C0DDA13E555276CDE2C3D01DDD628D171D128CFD06E6D06F1096942,747
11424,66681,28-06-2021 13:26:14,0x8E499AC23BCB2C32F6DC10398DFBA55A839BDB69455CB28427E280A889A19CCA,748
11437,50093,28-06-2021 14:47:39,0x4626DCD8CEA43D695132371C442A564A9236E69368E481542CE1EC709BF6CE5E,749
11445,66300,28-06-2021 17:51:36,0xF56919A2FD637A64DAFCAA05999A4B89BDEB94F23F4244256EC04C6D21604EA5,750
11446,66300,28-06-2021 17:51:41,0x3F6E51AD1BEEAE1808D0F67844F5605409A1F118A5444A7758B6EE9B5D2BE0FB,751
11447,66300,28-06-2021 17:52:03,0xF56919A2FD637A64DAFCAA05999A4B89BDEB94F23F4244256EC04C6D21604EA5,752
11448,66300,28-06-2021 17:52:11,0x3F6E51AD1BEEAE1808D0F67844F5605409A1F118A5444A7758B6EE9B5D2BE0FB,753
11463,48504,28-06-2021 19:47:11,0xCBAF0C203CE19837BF09F42644AA8EE5EB6B393A59C850180012D99F96FC05BC,754
11482,48124,29-06-2021 08:47:52,0x8BDB884F8302EFC9B4792E98071EEC7BE79C1EDA4756C2D5D34CEB24EB1596C9,755
11486,70948,29-06-2021 09:25:45,0xA40C5492475055C4D68D8C8206062D6815DD4003E3C823C24F47553FD4C8AECC,756
11514,48124,29-06-2021 13:47:01,0x369480DE9F1DA96C1A3E361357A3738181916C9E2285B08D73BA612370BB25FF,757
11545,67426,30-06-2021 08:03:49,0x885C9CDD02EE26879EBD64198761FD4CCE564BC8873A8C43588CB6C7CA924E9C,758
11557,60768,30-06-2021 11:17:34,0x611E728DC6F9067E081E2F9157BBB5BDECCF8EB079ECB12C547ABF2195BB25B7,759
11558,67887,30-06-2021 11:45:57,0x6A6E8324833DBCDA2B952AD6B1043D799D38451DE5695492A78BED211444B566,760
11560,48318,30-06-2021 12:14:33,0x6BFFD88517CA09EFFC418C522C22B9215D22C6B78F64B110248C02F5BC90CB3B,761
11603,72055,02-07-2021 06:20:58,0x5034A3B48914A328138E14D41B13FFF2FED2410FCD261065E94559CE48A3C243,762
11605,48121,02-07-2021 07:16:32,0x27FA33F0154C58639A5D45D18698AB49FF59B35CBFAD31C7134C74D0C6703B12,763
11606,48121,02-07-2021 07:16:36,0x456F8DA07E4514A9204F0EE22CA4EFC1CF231D5F2C2CADF3E39D99B2F73D0303,764
11607,48172,02-07-2021 07:31:11,0x3D8617A496C27B389A3688D248E9AA5296180C6D63106CDB169D3C593CD2E9B0,765
11608,72054,02-07-2021 07:56:03,0x7C921E0CDC8D867B81258A3AE4AC1F2B43270A446A867D281D5EBA10C353B0DA,766
11698,72013,04-07-2021 20:03:25,0x3CB442C009CF35F016210A5293AA60D4F9DB313D6FCCBAB3944406682DD28180,767
11709,72081,05-07-2021 06:43:07,0xA94EC7D13B7178EA478BCC090BCA80C483454060365ABF407CCF540DA77F9CE4,768
11711,48121,05-07-2021 07:17:43,0x27FA33F0154C58639A5D45D18698AB49FF59B35CBFAD31C7134C74D0C6703B12,769
11723,48172,05-07-2021 08:28:04,0xDF43E4453EFF0D27BA7CF4AEB67BBAD3994A82AFA07EF46F6CE65A415C022CB5,770
11727,48124,05-07-2021 09:17:55,0x8BDB884F8302EFC9B4792E98071EEC7BE79C1EDA4756C2D5D34CEB24EB1596C9,771
11731,48494,05-07-2021 09:19:57,0x8C49A7084AB01F2BEBAA5938AC0B600333630D609B8F58C0D4860A8B784E01A8,772
11737,48318,05-07-2021 10:03:58,0x03C8A9408AA30DC4593C40E13A15E8633EE492EBEB28DEC235F844EE1D3311A5,773
11748,48133,05-07-2021 10:49:26,0xC05479110DD53F6C9629DE4FD66A10484315E5491A14B467FC4EF314A1B9F2A8,774
11751,48070,05-07-2021 11:47:47,0x76D90AA6E6190252C48405B080F6B088D6D6D95A128B272A9DF86810B3B50C94,775
11776,70948,05-07-2021 15:28:21,0xECB3B3BA0727BD14EEE8D411A8620B14CCB97167C3668FDBA9A15FBE33A31DB6,776
